timestamp,line_id,equipment_id,sensor_type,value,unit,status
2026-06-15T08:00:00+00:00,LINE-A02,WELD-002,pressure,248.31,kPa,normal
2026-06-15T08:00:05+00:00,LINE-C01,PRESS-002,temperature,67.07,°C,normal
2026-06-15T08:00:10+00:00,LINE-A02,WELD-002,pressure,105.96,kPa,normal
2026-06-15T08:00:15+00:00,LINE-C01,CONVEYOR-001,pressure,212.25,kPa,normal
2026-06-15T08:00:20+00:00,LINE-A01,WELD-001,temperature,51.13,°C,normal
2026-06-15T08:00:25+00:00,LINE-A02,OVEN-002,pressure,155.57,kPa,normal
2026-06-15T08:00:30+00:00,LINE-B01,OVEN-001,temperature,43.87,°C,normal
2026-06-15T08:00:35+00:00,LINE-B02,PRESS-002,temperature,61.45,°C,normal
2026-06-15T08:00:40+00:00,LINE-B01,WELD-002,pressure,225.73,kPa,normal
2026-06-15T08:00:45+00:00,LINE-B01,PRESS-002,pressure,232.25,kPa,normal
2026-06-15T08:00:50+00:00,LINE-B02,OVEN-002,temperature,55.21,°C,normal
2026-06-15T08:00:55+00:00,LINE-B01,PRESS-002,temperature,48.38,°C,normal
2026-06-15T08:01:00+00:00,LINE-A02,WELD-001,pressure,206.83,kPa,normal
2026-06-15T08:01:05+00:00,LINE-C01,WELD-002,vibration,1.98,mm/s,normal
2026-06-15T08:01:10+00:00,LINE-A01,WELD-002,pressure,253.66,kPa,normal
2026-06-15T08:01:15+00:00,LINE-A01,WELD-002,temperature,56.05,°C,normal
2026-06-15T08:01:20+00:00,LINE-B02,CONVEYOR-001,pressure,162.94,kPa,normal
2026-06-15T08:01:25+00:00,LINE-A02,OVEN-001,pressure,152.98,kPa,normal
2026-06-15T08:01:30+00:00,LINE-B02,OVEN-002,pressure,279.56,kPa,normal
2026-06-15T08:01:35+00:00,LINE-B02,PRESS-002,temperature,94.15,°C,alarm
2026-06-15T08:01:40+00:00,LINE-A02,CONVEYOR-001,temperature,46.11,°C,normal
2026-06-15T08:01:45+00:00,LINE-B02,OVEN-001,pressure,176.32,kPa,normal
2026-06-15T08:01:50+00:00,LINE-A01,OVEN-001,pressure,102.3,kPa,normal
2026-06-15T08:01:55+00:00,LINE-A02,ROBOT-001,pressure,158.7,kPa,normal
2026-06-15T08:02:00+00:00,LINE-B01,WELD-001,temperature,88.76,°C,warning
2026-06-15T08:02:05+00:00,LINE-B01,WELD-002,pressure,387.05,kPa,warning
2026-06-15T08:02:10+00:00,LINE-C01,PRESS-001,temperature,46.46,°C,normal
2026-06-15T08:02:15+00:00,LINE-B01,OVEN-001,pressure,103.9,kPa,normal
2026-06-15T08:02:20+00:00,LINE-A01,PRESS-002,temperature,75.12,°C,normal
2026-06-15T08:02:25+00:00,LINE-C01,WELD-001,pressure,113.84,kPa,normal
2026-06-15T08:02:30+00:00,LINE-A02,OVEN-001,temperature,77.87,°C,normal
2026-06-15T08:02:35+00:00,LINE-A02,WELD-002,pressure,184.63,kPa,normal
2026-06-15T08:02:40+00:00,LINE-B01,ROBOT-001,pressure,299.03,kPa,normal
2026-06-15T08:02:45+00:00,LINE-A01,OVEN-002,pressure,149.58,kPa,normal
2026-06-15T08:02:50+00:00,LINE-A02,PRESS-001,temperature,49.2,°C,normal
2026-06-15T08:02:55+00:00,LINE-A01,PRESS-001,temperature,42.35,°C,normal
2026-06-15T08:03:00+00:00,LINE-B02,WELD-002,vibration,0.55,mm/s,normal
2026-06-15T08:03:05+00:00,LINE-C01,ROBOT-001,pressure,287.1,kPa,normal
2026-06-15T08:03:10+00:00,LINE-A02,PRESS-002,temperature,72.3,°C,normal
2026-06-15T08:03:15+00:00,LINE-B02,ROBOT-001,temperature,54.17,°C,normal
2026-06-15T08:03:20+00:00,LINE-A01,PRESS-001,pressure,230.69,kPa,normal
2026-06-15T08:03:25+00:00,LINE-A01,WELD-002,vibration,1.62,mm/s,normal
2026-06-15T08:03:30+00:00,LINE-B02,WELD-001,temperature,57.94,°C,normal
2026-06-15T08:03:35+00:00,LINE-A01,ROBOT-001,vibration,1.76,mm/s,normal
2026-06-15T08:03:40+00:00,LINE-C01,PRESS-001,pressure,230.43,kPa,normal
2026-06-15T08:03:45+00:00,LINE-A02,CONVEYOR-001,temperature,88.49,°C,warning
2026-06-15T08:03:50+00:00,LINE-A01,WELD-001,vibration,1.74,mm/s,normal
2026-06-15T08:03:55+00:00,LINE-B02,OVEN-001,vibration,0.84,mm/s,normal
2026-06-15T08:04:00+00:00,LINE-C01,ROBOT-001,vibration,1.49,mm/s,normal
2026-06-15T08:04:05+00:00,LINE-A01,PRESS-001,temperature,48.71,°C,normal
2026-06-15T08:04:10+00:00,LINE-B02,WELD-001,pressure,110.03,kPa,normal
2026-06-15T08:04:15+00:00,LINE-A02,PRESS-002,temperature,80.8,°C,warning
2026-06-15T08:04:20+00:00,LINE-B02,PRESS-002,pressure,272.36,kPa,normal
2026-06-15T08:04:25+00:00,LINE-C01,PRESS-002,pressure,218.9,kPa,normal
2026-06-15T08:04:30+00:00,LINE-B01,OVEN-001,vibration,1.17,mm/s,normal
2026-06-15T08:04:35+00:00,LINE-B01,CONVEYOR-001,temperature,52.57,°C,normal
2026-06-15T08:04:40+00:00,LINE-B01,PRESS-002,temperature,52.0,°C,normal
2026-06-15T08:04:45+00:00,LINE-A01,PRESS-002,temperature,79.94,°C,normal
2026-06-15T08:04:50+00:00,LINE-B01,PRESS-002,pressure,153.04,kPa,normal
2026-06-15T08:04:55+00:00,LINE-C01,OVEN-001,temperature,46.31,°C,normal
2026-06-15T08:05:00+00:00,LINE-C01,PRESS-001,pressure,561.42,kPa,alarm
2026-06-15T08:05:05+00:00,LINE-A01,WELD-001,pressure,159.88,kPa,normal
2026-06-15T08:05:10+00:00,LINE-C01,WELD-001,vibration,0.3,mm/s,normal
2026-06-15T08:05:15+00:00,LINE-B01,WELD-002,vibration,0.5,mm/s,normal
2026-06-15T08:05:20+00:00,LINE-B02,OVEN-001,pressure,152.8,kPa,normal
2026-06-15T08:05:25+00:00,LINE-B01,PRESS-001,temperature,56.94,°C,normal
2026-06-15T08:05:30+00:00,LINE-B01,WELD-001,temperature,45.23,°C,normal
2026-06-15T08:05:35+00:00,LINE-C01,PRESS-001,pressure,241.13,kPa,normal
2026-06-15T08:05:40+00:00,LINE-A02,PRESS-001,temperature,75.32,°C,normal
2026-06-15T08:05:45+00:00,LINE-A02,PRESS-001,vibration,0.38,mm/s,normal
2026-06-15T08:05:50+00:00,LINE-A01,OVEN-002,vibration,1.87,mm/s,normal
2026-06-15T08:05:55+00:00,LINE-B01,CONVEYOR-001,temperature,66.68,°C,normal
2026-06-15T08:06:00+00:00,LINE-A02,WELD-001,pressure,285.15,kPa,normal
2026-06-15T08:06:05+00:00,LINE-B01,CONVEYOR-001,temperature,40.99,°C,normal
2026-06-15T08:06:10+00:00,LINE-B01,WELD-001,pressure,262.15,kPa,normal
2026-06-15T08:06:15+00:00,LINE-B02,WELD-002,pressure,274.43,kPa,normal
2026-06-15T08:06:20+00:00,LINE-B01,WELD-002,temperature,58.41,°C,normal
2026-06-15T08:06:25+00:00,LINE-B01,OVEN-001,temperature,47.73,°C,normal
2026-06-15T08:06:30+00:00,LINE-C01,CONVEYOR-001,temperature,82.79,°C,warning
2026-06-15T08:06:35+00:00,LINE-A01,PRESS-002,pressure,507.24,kPa,alarm
2026-06-15T08:06:40+00:00,LINE-B01,PRESS-001,vibration,1.93,mm/s,normal
2026-06-15T08:06:45+00:00,LINE-B01,CONVEYOR-001,temperature,53.83,°C,normal
2026-06-15T08:06:50+00:00,LINE-C01,WELD-002,pressure,423.13,kPa,alarm
2026-06-15T08:06:55+00:00,LINE-C01,WELD-002,vibration,0.93,mm/s,normal
2026-06-15T08:07:00+00:00,LINE-B01,OVEN-002,vibration,1.9,mm/s,normal
2026-06-15T08:07:05+00:00,LINE-B01,OVEN-001,pressure,243.95,kPa,normal
2026-06-15T08:07:10+00:00,LINE-B01,WELD-001,pressure,180.48,kPa,normal
2026-06-15T08:07:15+00:00,LINE-A02,OVEN-001,temperature,77.61,°C,normal
2026-06-15T08:07:20+00:00,LINE-B01,WELD-002,vibration,0.1,mm/s,normal
2026-06-15T08:07:25+00:00,LINE-B01,ROBOT-001,vibration,1.25,mm/s,normal
2026-06-15T08:07:30+00:00,LINE-B02,WELD-001,vibration,0.51,mm/s,normal
2026-06-15T08:07:35+00:00,LINE-C01,OVEN-002,pressure,203.09,kPa,normal
2026-06-15T08:07:40+00:00,LINE-B01,WELD-002,temperature,70.05,°C,normal
2026-06-15T08:07:45+00:00,LINE-B02,PRESS-002,temperature,41.85,°C,normal
2026-06-15T08:07:50+00:00,LINE-A02,CONVEYOR-001,vibration,1.3,mm/s,normal
2026-06-15T08:07:55+00:00,LINE-A01,PRESS-002,vibration,0.38,mm/s,normal
2026-06-15T08:08:00+00:00,LINE-C01,ROBOT-001,vibration,1.63,mm/s,normal
2026-06-15T08:08:05+00:00,LINE-A01,ROBOT-001,temperature,76.7,°C,normal
2026-06-15T08:08:10+00:00,LINE-C01,OVEN-002,temperature,66.7,°C,normal
2026-06-15T08:08:15+00:00,LINE-C01,CONVEYOR-001,vibration,1.47,mm/s,normal
2026-06-15T08:08:20+00:00,LINE-B02,ROBOT-001,pressure,131.83,kPa,normal
2026-06-15T08:08:25+00:00,LINE-B01,ROBOT-001,vibration,1.7,mm/s,normal
2026-06-15T08:08:30+00:00,LINE-B01,WELD-002,pressure,187.97,kPa,normal
2026-06-15T08:08:35+00:00,LINE-A01,WELD-001,vibration,1.8,mm/s,normal
2026-06-15T08:08:40+00:00,LINE-A02,PRESS-002,temperature,67.76,°C,normal
2026-06-15T08:08:45+00:00,LINE-B02,PRESS-001,vibration,1.13,mm/s,normal
2026-06-15T08:08:50+00:00,LINE-C01,PRESS-001,temperature,55.58,°C,normal
2026-06-15T08:08:55+00:00,LINE-B01,OVEN-001,pressure,101.18,kPa,normal
2026-06-15T08:09:00+00:00,LINE-B02,WELD-002,vibration,1.91,mm/s,normal
2026-06-15T08:09:05+00:00,LINE-A01,CONVEYOR-001,vibration,0.93,mm/s,normal
2026-06-15T08:09:10+00:00,LINE-A02,ROBOT-001,vibration,1.62,mm/s,normal
2026-06-15T08:09:15+00:00,LINE-B02,PRESS-001,temperature,106.02,°C,alarm
2026-06-15T08:09:20+00:00,LINE-B02,WELD-001,temperature,45.43,°C,normal
2026-06-15T08:09:25+00:00,LINE-B02,OVEN-002,temperature,53.09,°C,normal
2026-06-15T08:09:30+00:00,LINE-B02,OVEN-001,vibration,0.82,mm/s,normal
2026-06-15T08:09:35+00:00,LINE-A01,OVEN-002,temperature,69.96,°C,normal
2026-06-15T08:09:40+00:00,LINE-A01,PRESS-001,temperature,71.25,°C,normal
2026-06-15T08:09:45+00:00,LINE-A02,WELD-002,temperature,40.82,°C,normal
2026-06-15T08:09:50+00:00,LINE-A02,ROBOT-001,temperature,44.58,°C,normal
2026-06-15T08:09:55+00:00,LINE-C01,PRESS-002,pressure,173.78,kPa,normal
2026-06-15T08:10:00+00:00,LINE-A01,OVEN-001,temperature,81.08,°C,warning
2026-06-15T08:10:05+00:00,LINE-B02,WELD-002,pressure,291.63,kPa,normal
2026-06-15T08:10:10+00:00,LINE-A02,PRESS-002,temperature,73.22,°C,normal
2026-06-15T08:10:15+00:00,LINE-C01,PRESS-002,pressure,270.06,kPa,normal
2026-06-15T08:10:20+00:00,LINE-B02,OVEN-002,pressure,169.44,kPa,normal
2026-06-15T08:10:25+00:00,LINE-B02,ROBOT-001,temperature,53.65,°C,normal
2026-06-15T08:10:30+00:00,LINE-B02,WELD-001,temperature,54.49,°C,normal
2026-06-15T08:10:35+00:00,LINE-B01,ROBOT-001,vibration,1.09,mm/s,normal
2026-06-15T08:10:40+00:00,LINE-B01,OVEN-002,vibration,1.49,mm/s,normal
2026-06-15T08:10:45+00:00,LINE-B02,WELD-002,temperature,43.47,°C,normal
2026-06-15T08:10:50+00:00,LINE-B01,PRESS-001,vibration,1.37,mm/s,normal
2026-06-15T08:10:55+00:00,LINE-A02,OVEN-002,vibration,0.45,mm/s,normal
2026-06-15T08:11:00+00:00,LINE-B01,PRESS-001,vibration,1.77,mm/s,normal
2026-06-15T08:11:05+00:00,LINE-B02,ROBOT-001,pressure,308.56,kPa,warning
2026-06-15T08:11:10+00:00,LINE-B02,ROBOT-001,pressure,238.12,kPa,normal
2026-06-15T08:11:15+00:00,LINE-A02,OVEN-001,temperature,48.86,°C,normal
2026-06-15T08:11:20+00:00,LINE-C01,OVEN-002,pressure,194.65,kPa,normal
2026-06-15T08:11:25+00:00,LINE-B01,ROBOT-001,vibration,6.2,mm/s,alarm
2026-06-15T08:11:30+00:00,LINE-A02,OVEN-002,vibration,0.54,mm/s,normal
2026-06-15T08:11:35+00:00,LINE-A02,WELD-002,temperature,78.04,°C,normal
2026-06-15T08:11:40+00:00,LINE-C01,OVEN-001,temperature,51.06,°C,normal
2026-06-15T08:11:45+00:00,LINE-B01,WELD-001,temperature,51.85,°C,normal
2026-06-15T08:11:50+00:00,LINE-B01,PRESS-001,vibration,1.11,mm/s,normal
2026-06-15T08:11:55+00:00,LINE-A02,ROBOT-001,temperature,67.9,°C,normal
2026-06-15T08:12:00+00:00,LINE-B02,ROBOT-001,temperature,62.96,°C,normal
2026-06-15T08:12:05+00:00,LINE-B01,ROBOT-001,vibration,1.93,mm/s,normal
2026-06-15T08:12:10+00:00,LINE-A01,PRESS-001,temperature,56.03,°C,normal
2026-06-15T08:12:15+00:00,LINE-B01,PRESS-002,temperature,62.51,°C,normal
2026-06-15T08:12:20+00:00,LINE-C01,WELD-002,temperature,70.58,°C,normal
2026-06-15T08:12:25+00:00,LINE-B01,CONVEYOR-001,pressure,281.7,kPa,normal
2026-06-15T08:12:30+00:00,LINE-A01,WELD-002,vibration,0.21,mm/s,normal
2026-06-15T08:12:35+00:00,LINE-A02,WELD-002,pressure,232.09,kPa,normal
2026-06-15T08:12:40+00:00,LINE-B02,ROBOT-001,temperature,46.26,°C,normal
2026-06-15T08:12:45+00:00,LINE-A02,OVEN-001,pressure,158.25,kPa,normal
2026-06-15T08:12:50+00:00,LINE-A01,WELD-002,pressure,271.92,kPa,normal
2026-06-15T08:12:55+00:00,LINE-A02,CONVEYOR-001,vibration,1.29,mm/s,normal
2026-06-15T08:13:00+00:00,LINE-B01,WELD-001,temperature,65.91,°C,normal
2026-06-15T08:13:05+00:00,LINE-C01,OVEN-001,temperature,71.71,°C,normal
2026-06-15T08:13:10+00:00,LINE-B02,OVEN-001,vibration,1.41,mm/s,normal
2026-06-15T08:13:15+00:00,LINE-C01,PRESS-001,pressure,187.55,kPa,normal
2026-06-15T08:13:20+00:00,LINE-A01,PRESS-002,vibration,1.25,mm/s,normal
2026-06-15T08:13:25+00:00,LINE-C01,PRESS-001,temperature,88.36,°C,warning
2026-06-15T08:13:30+00:00,LINE-A02,ROBOT-001,pressure,215.25,kPa,normal
2026-06-15T08:13:35+00:00,LINE-A02,CONVEYOR-001,pressure,283.21,kPa,normal
2026-06-15T08:13:40+00:00,LINE-B02,OVEN-002,pressure,293.81,kPa,normal
2026-06-15T08:13:45+00:00,LINE-A02,OVEN-002,vibration,1.37,mm/s,normal
2026-06-15T08:13:50+00:00,LINE-B02,PRESS-001,vibration,0.65,mm/s,normal
2026-06-15T08:13:55+00:00,LINE-A01,CONVEYOR-001,vibration,0.58,mm/s,normal
2026-06-15T08:14:00+00:00,LINE-C01,ROBOT-001,pressure,100.23,kPa,normal
2026-06-15T08:14:05+00:00,LINE-C01,ROBOT-001,vibration,1.09,mm/s,normal
2026-06-15T08:14:10+00:00,LINE-B01,WELD-001,pressure,110.32,kPa,normal
2026-06-15T08:14:15+00:00,LINE-A01,PRESS-001,vibration,1.43,mm/s,normal
2026-06-15T08:14:20+00:00,LINE-A02,OVEN-001,pressure,147.86,kPa,normal
2026-06-15T08:14:25+00:00,LINE-A02,PRESS-002,pressure,181.6,kPa,normal
2026-06-15T08:14:30+00:00,LINE-A02,ROBOT-001,vibration,3.3,mm/s,warning
2026-06-15T08:14:35+00:00,LINE-B02,ROBOT-001,pressure,241.08,kPa,normal
2026-06-15T08:14:40+00:00,LINE-B02,WELD-002,vibration,1.15,mm/s,normal
2026-06-15T08:14:45+00:00,LINE-A01,OVEN-001,pressure,275.87,kPa,normal
2026-06-15T08:14:50+00:00,LINE-B01,PRESS-001,vibration,1.6,mm/s,normal
2026-06-15T08:14:55+00:00,LINE-C01,ROBOT-001,vibration,1.69,mm/s,normal
2026-06-15T08:15:00+00:00,LINE-B01,CONVEYOR-001,temperature,59.37,°C,normal
2026-06-15T08:15:05+00:00,LINE-A02,CONVEYOR-001,vibration,3.74,mm/s,warning
2026-06-15T08:15:10+00:00,LINE-B01,ROBOT-001,temperature,56.43,°C,normal
2026-06-15T08:15:15+00:00,LINE-A02,ROBOT-001,pressure,338.12,kPa,warning
2026-06-15T08:15:20+00:00,LINE-B01,PRESS-002,temperature,78.61,°C,normal
2026-06-15T08:15:25+00:00,LINE-A01,WELD-001,vibration,1.83,mm/s,normal
2026-06-15T08:15:30+00:00,LINE-A01,ROBOT-001,vibration,1.94,mm/s,normal
2026-06-15T08:15:35+00:00,LINE-A01,OVEN-002,vibration,1.42,mm/s,normal
2026-06-15T08:15:40+00:00,LINE-B01,ROBOT-001,pressure,176.0,kPa,normal
2026-06-15T08:15:45+00:00,LINE-B01,WELD-002,pressure,113.68,kPa,normal
2026-06-15T08:15:50+00:00,LINE-A01,ROBOT-001,pressure,295.67,kPa,normal
2026-06-15T08:15:55+00:00,LINE-A01,OVEN-002,temperature,76.14,°C,normal
2026-06-15T08:16:00+00:00,LINE-A02,WELD-002,temperature,54.99,°C,normal
2026-06-15T08:16:05+00:00,LINE-A02,WELD-001,pressure,236.36,kPa,normal
2026-06-15T08:16:10+00:00,LINE-C01,WELD-002,temperature,74.83,°C,normal
2026-06-15T08:16:15+00:00,LINE-B02,OVEN-001,vibration,2.29,mm/s,warning
2026-06-15T08:16:20+00:00,LINE-B02,OVEN-001,vibration,0.12,mm/s,normal
2026-06-15T08:16:25+00:00,LINE-B01,OVEN-001,pressure,114.77,kPa,normal
2026-06-15T08:16:30+00:00,LINE-B02,OVEN-001,pressure,369.03,kPa,warning
2026-06-15T08:16:35+00:00,LINE-A01,WELD-002,temperature,115.6,°C,alarm
2026-06-15T08:16:40+00:00,LINE-B01,PRESS-001,vibration,1.19,mm/s,normal
2026-06-15T08:16:45+00:00,LINE-A01,ROBOT-001,pressure,101.62,kPa,normal
2026-06-15T08:16:50+00:00,LINE-B01,WELD-002,vibration,0.54,mm/s,normal
2026-06-15T08:16:55+00:00,LINE-A02,PRESS-002,pressure,150.13,kPa,normal
2026-06-15T08:17:00+00:00,LINE-B02,PRESS-001,pressure,161.79,kPa,normal
2026-06-15T08:17:05+00:00,LINE-B01,OVEN-002,pressure,126.28,kPa,normal
2026-06-15T08:17:10+00:00,LINE-C01,OVEN-002,pressure,140.16,kPa,normal
2026-06-15T08:17:15+00:00,LINE-A02,OVEN-001,pressure,154.51,kPa,normal
2026-06-15T08:17:20+00:00,LINE-B01,PRESS-002,vibration,2.59,mm/s,warning
2026-06-15T08:17:25+00:00,LINE-A02,CONVEYOR-001,vibration,2.28,mm/s,warning
2026-06-15T08:17:30+00:00,LINE-A01,OVEN-001,pressure,258.14,kPa,normal
2026-06-15T08:17:35+00:00,LINE-B01,CONVEYOR-001,pressure,173.72,kPa,normal
2026-06-15T08:17:40+00:00,LINE-A02,ROBOT-001,pressure,310.83,kPa,warning
2026-06-15T08:17:45+00:00,LINE-B01,WELD-002,temperature,77.73,°C,normal
2026-06-15T08:17:50+00:00,LINE-B01,CONVEYOR-001,pressure,264.77,kPa,normal
2026-06-15T08:17:55+00:00,LINE-B01,ROBOT-001,temperature,77.85,°C,normal
2026-06-15T08:18:00+00:00,LINE-A02,CONVEYOR-001,temperature,75.49,°C,normal
2026-06-15T08:18:05+00:00,LINE-C01,CONVEYOR-001,vibration,1.9,mm/s,normal
2026-06-15T08:18:10+00:00,LINE-B02,PRESS-002,pressure,130.9,kPa,normal
2026-06-15T08:18:15+00:00,LINE-B01,PRESS-001,vibration,1.88,mm/s,normal
2026-06-15T08:18:20+00:00,LINE-A02,OVEN-002,pressure,188.68,kPa,normal
2026-06-15T08:18:25+00:00,LINE-B01,PRESS-001,temperature,101.02,°C,alarm
2026-06-15T08:18:30+00:00,LINE-B02,PRESS-002,vibration,1.94,mm/s,normal
2026-06-15T08:18:35+00:00,LINE-A01,PRESS-001,pressure,227.9,kPa,normal
2026-06-15T08:18:40+00:00,LINE-C01,WELD-002,vibration,0.34,mm/s,normal
2026-06-15T08:18:45+00:00,LINE-C01,WELD-002,temperature,62.17,°C,normal
2026-06-15T08:18:50+00:00,LINE-C01,PRESS-001,temperature,45.9,°C,normal
2026-06-15T08:18:55+00:00,LINE-A02,OVEN-001,vibration,0.37,mm/s,normal
2026-06-15T08:19:00+00:00,LINE-A02,PRESS-001,temperature,74.66,°C,normal
2026-06-15T08:19:05+00:00,LINE-B01,PRESS-001,vibration,0.55,mm/s,normal
2026-06-15T08:19:10+00:00,LINE-B02,PRESS-002,temperature,45.07,°C,normal
2026-06-15T08:19:15+00:00,LINE-B01,PRESS-002,pressure,189.66,kPa,normal
2026-06-15T08:19:20+00:00,LINE-A01,OVEN-001,vibration,1.9,mm/s,normal
2026-06-15T08:19:25+00:00,LINE-B02,CONVEYOR-001,vibration,0.16,mm/s,normal
2026-06-15T08:19:30+00:00,LINE-B02,PRESS-002,vibration,1.03,mm/s,normal
2026-06-15T08:19:35+00:00,LINE-A02,OVEN-001,temperature,45.93,°C,normal
2026-06-15T08:19:40+00:00,LINE-B01,CONVEYOR-001,pressure,209.67,kPa,normal
2026-06-15T08:19:45+00:00,LINE-C01,CONVEYOR-001,pressure,190.74,kPa,normal
2026-06-15T08:19:50+00:00,LINE-C01,WELD-002,temperature,44.58,°C,normal
2026-06-15T08:19:55+00:00,LINE-B01,ROBOT-001,vibration,0.53,mm/s,normal
2026-06-15T08:20:00+00:00,LINE-B02,OVEN-002,vibration,0.28,mm/s,normal
2026-06-15T08:20:05+00:00,LINE-B02,PRESS-002,pressure,290.72,kPa,normal
2026-06-15T08:20:10+00:00,LINE-A01,OVEN-002,temperature,43.73,°C,normal
2026-06-15T08:20:15+00:00,LINE-C01,OVEN-002,temperature,63.46,°C,normal
2026-06-15T08:20:20+00:00,LINE-B02,PRESS-001,pressure,170.72,kPa,normal
2026-06-15T08:20:25+00:00,LINE-C01,WELD-002,vibration,0.77,mm/s,normal
2026-06-15T08:20:30+00:00,LINE-A01,OVEN-002,temperature,48.97,°C,normal
2026-06-15T08:20:35+00:00,LINE-C01,WELD-002,pressure,252.52,kPa,normal
2026-06-15T08:20:40+00:00,LINE-C01,PRESS-001,vibration,1.95,mm/s,normal
2026-06-15T08:20:45+00:00,LINE-B01,PRESS-001,pressure,382.95,kPa,warning
2026-06-15T08:20:50+00:00,LINE-B01,OVEN-002,temperature,70.5,°C,normal
2026-06-15T08:20:55+00:00,LINE-B02,PRESS-002,temperature,45.73,°C,normal
2026-06-15T08:21:00+00:00,LINE-A01,WELD-002,temperature,78.87,°C,normal
2026-06-15T08:21:05+00:00,LINE-B01,OVEN-001,vibration,0.75,mm/s,normal
2026-06-15T08:21:10+00:00,LINE-C01,PRESS-002,pressure,288.28,kPa,normal
2026-06-15T08:21:15+00:00,LINE-A01,PRESS-002,temperature,70.18,°C,normal
2026-06-15T08:21:20+00:00,LINE-C01,ROBOT-001,vibration,0.91,mm/s,normal
2026-06-15T08:21:25+00:00,LINE-A01,OVEN-002,vibration,1.53,mm/s,normal
2026-06-15T08:21:30+00:00,LINE-C01,ROBOT-001,vibration,1.39,mm/s,normal
2026-06-15T08:21:35+00:00,LINE-B02,PRESS-001,pressure,109.08,kPa,normal
2026-06-15T08:21:40+00:00,LINE-A02,OVEN-001,temperature,77.81,°C,normal
2026-06-15T08:21:45+00:00,LINE-B02,WELD-001,vibration,0.11,mm/s,normal
2026-06-15T08:21:50+00:00,LINE-C01,OVEN-002,temperature,68.15,°C,normal
2026-06-15T08:21:55+00:00,LINE-B02,PRESS-001,temperature,69.68,°C,normal
2026-06-15T08:22:00+00:00,LINE-C01,CONVEYOR-001,vibration,3.72,mm/s,warning
2026-06-15T08:22:05+00:00,LINE-B01,PRESS-002,pressure,228.03,kPa,normal
2026-06-15T08:22:10+00:00,LINE-C01,ROBOT-001,vibration,0.72,mm/s,normal
2026-06-15T08:22:15+00:00,LINE-A01,WELD-002,pressure,308.81,kPa,warning
2026-06-15T08:22:20+00:00,LINE-B02,OVEN-001,vibration,1.1,mm/s,normal
2026-06-15T08:22:25+00:00,LINE-A02,PRESS-002,pressure,166.61,kPa,normal
2026-06-15T08:22:30+00:00,LINE-A02,OVEN-002,pressure,206.12,kPa,normal
2026-06-15T08:22:35+00:00,LINE-A02,WELD-002,vibration,1.66,mm/s,normal
2026-06-15T08:22:40+00:00,LINE-C01,WELD-001,temperature,47.89,°C,normal
2026-06-15T08:22:45+00:00,LINE-B02,ROBOT-001,pressure,290.26,kPa,normal
2026-06-15T08:22:50+00:00,LINE-C01,OVEN-002,pressure,189.78,kPa,normal
2026-06-15T08:22:55+00:00,LINE-B02,ROBOT-001,pressure,187.95,kPa,normal
2026-06-15T08:23:00+00:00,LINE-A01,OVEN-002,pressure,154.93,kPa,normal
2026-06-15T08:23:05+00:00,LINE-A01,PRESS-001,pressure,192.35,kPa,normal
2026-06-15T08:23:10+00:00,LINE-A01,CONVEYOR-001,vibration,0.25,mm/s,normal
2026-06-15T08:23:15+00:00,LINE-A01,ROBOT-001,vibration,1.91,mm/s,normal
2026-06-15T08:23:20+00:00,LINE-B02,WELD-001,pressure,164.31,kPa,normal
2026-06-15T08:23:25+00:00,LINE-B01,PRESS-002,temperature,72.44,°C,normal
2026-06-15T08:23:30+00:00,LINE-B02,ROBOT-001,pressure,107.83,kPa,normal
2026-06-15T08:23:35+00:00,LINE-B01,OVEN-001,pressure,131.75,kPa,normal
2026-06-15T08:23:40+00:00,LINE-C01,PRESS-001,vibration,0.74,mm/s,normal
2026-06-15T08:23:45+00:00,LINE-A01,CONVEYOR-001,pressure,113.18,kPa,normal
2026-06-15T08:23:50+00:00,LINE-C01,WELD-001,vibration,1.72,mm/s,normal
2026-06-15T08:23:55+00:00,LINE-B01,OVEN-001,vibration,1.36,mm/s,normal
2026-06-15T08:24:00+00:00,LINE-C01,PRESS-002,pressure,178.39,kPa,normal
2026-06-15T08:24:05+00:00,LINE-B01,WELD-001,vibration,1.32,mm/s,normal
2026-06-15T08:24:10+00:00,LINE-C01,PRESS-002,pressure,289.42,kPa,normal
2026-06-15T08:24:15+00:00,LINE-A01,OVEN-002,pressure,201.7,kPa,normal
2026-06-15T08:24:20+00:00,LINE-B02,WELD-002,vibration,0.51,mm/s,normal
2026-06-15T08:24:25+00:00,LINE-B01,PRESS-002,temperature,94.65,°C,alarm
2026-06-15T08:24:30+00:00,LINE-C01,PRESS-001,pressure,267.02,kPa,normal
2026-06-15T08:24:35+00:00,LINE-A02,CONVEYOR-001,pressure,253.26,kPa,normal
2026-06-15T08:24:40+00:00,LINE-C01,WELD-001,temperature,73.25,°C,normal
2026-06-15T08:24:45+00:00,LINE-A02,ROBOT-001,pressure,182.17,kPa,normal
2026-06-15T08:24:50+00:00,LINE-B02,WELD-002,pressure,249.71,kPa,normal
2026-06-15T08:24:55+00:00,LINE-B02,WELD-002,pressure,293.12,kPa,normal
2026-06-15T08:25:00+00:00,LINE-B02,ROBOT-001,vibration,1.18,mm/s,normal
2026-06-15T08:25:05+00:00,LINE-B02,WELD-001,vibration,1.06,mm/s,normal
2026-06-15T08:25:10+00:00,LINE-B01,PRESS-001,temperature,45.54,°C,normal
2026-06-15T08:25:15+00:00,LINE-A01,PRESS-002,pressure,174.24,kPa,normal
2026-06-15T08:25:20+00:00,LINE-B02,WELD-001,vibration,0.4,mm/s,normal
2026-06-15T08:25:25+00:00,LINE-B02,OVEN-002,vibration,1.83,mm/s,normal
2026-06-15T08:25:30+00:00,LINE-B01,WELD-002,temperature,55.86,°C,normal
2026-06-15T08:25:35+00:00,LINE-A01,OVEN-002,vibration,5.5,mm/s,alarm
2026-06-15T08:25:40+00:00,LINE-A02,WELD-001,temperature,66.0,°C,normal
2026-06-15T08:25:45+00:00,LINE-A02,ROBOT-001,temperature,73.19,°C,normal
2026-06-15T08:25:50+00:00,LINE-A01,OVEN-001,vibration,1.82,mm/s,normal
2026-06-15T08:25:55+00:00,LINE-C01,CONVEYOR-001,temperature,61.95,°C,normal
2026-06-15T08:26:00+00:00,LINE-A01,PRESS-001,temperature,49.51,°C,normal
2026-06-15T08:26:05+00:00,LINE-B02,PRESS-002,temperature,71.76,°C,normal
2026-06-15T08:26:10+00:00,LINE-C01,PRESS-001,temperature,59.99,°C,normal
2026-06-15T08:26:15+00:00,LINE-A02,OVEN-001,pressure,148.39,kPa,normal
2026-06-15T08:26:20+00:00,LINE-C01,CONVEYOR-001,vibration,0.77,mm/s,normal
2026-06-15T08:26:25+00:00,LINE-B01,PRESS-002,temperature,43.42,°C,normal
2026-06-15T08:26:30+00:00,LINE-C01,PRESS-001,pressure,257.28,kPa,normal
2026-06-15T08:26:35+00:00,LINE-B02,OVEN-002,vibration,0.18,mm/s,normal
2026-06-15T08:26:40+00:00,LINE-A01,OVEN-002,vibration,0.78,mm/s,normal
2026-06-15T08:26:45+00:00,LINE-C01,OVEN-002,temperature,65.13,°C,normal
2026-06-15T08:26:50+00:00,LINE-A02,ROBOT-001,temperature,61.84,°C,normal
2026-06-15T08:26:55+00:00,LINE-A02,PRESS-002,pressure,136.46,kPa,normal
2026-06-15T08:27:00+00:00,LINE-B01,WELD-002,pressure,191.54,kPa,normal
2026-06-15T08:27:05+00:00,LINE-B01,OVEN-001,temperature,75.43,°C,normal
2026-06-15T08:27:10+00:00,LINE-B02,OVEN-001,pressure,263.08,kPa,normal
2026-06-15T08:27:15+00:00,LINE-B01,PRESS-001,temperature,47.64,°C,normal
2026-06-15T08:27:20+00:00,LINE-B01,CONVEYOR-001,pressure,124.9,kPa,normal
2026-06-15T08:27:25+00:00,LINE-B02,OVEN-002,vibration,1.8,mm/s,normal
2026-06-15T08:27:30+00:00,LINE-C01,OVEN-001,temperature,59.9,°C,normal
2026-06-15T08:27:35+00:00,LINE-C01,WELD-001,temperature,43.16,°C,normal
2026-06-15T08:27:40+00:00,LINE-B01,OVEN-001,pressure,120.52,kPa,normal
2026-06-15T08:27:45+00:00,LINE-A02,ROBOT-001,vibration,1.46,mm/s,normal
2026-06-15T08:27:50+00:00,LINE-B01,CONVEYOR-001,vibration,1.48,mm/s,normal
2026-06-15T08:27:55+00:00,LINE-A01,PRESS-002,vibration,1.6,mm/s,normal
2026-06-15T08:28:00+00:00,LINE-A02,PRESS-001,pressure,172.66,kPa,normal
2026-06-15T08:28:05+00:00,LINE-B02,PRESS-001,temperature,67.12,°C,normal
2026-06-15T08:28:10+00:00,LINE-B01,OVEN-002,temperature,71.14,°C,normal
2026-06-15T08:28:15+00:00,LINE-A02,ROBOT-001,vibration,2.06,mm/s,warning
2026-06-15T08:28:20+00:00,LINE-C01,WELD-001,vibration,1.55,mm/s,normal
2026-06-15T08:28:25+00:00,LINE-B01,WELD-002,pressure,162.88,kPa,normal
2026-06-15T08:28:30+00:00,LINE-C01,CONVEYOR-001,temperature,47.44,°C,normal
2026-06-15T08:28:35+00:00,LINE-B02,WELD-002,pressure,254.99,kPa,normal
2026-06-15T08:28:40+00:00,LINE-B02,WELD-002,pressure,283.3,kPa,normal
2026-06-15T08:28:45+00:00,LINE-A02,ROBOT-001,temperature,42.96,°C,normal
2026-06-15T08:28:50+00:00,LINE-B01,OVEN-002,temperature,78.7,°C,normal
2026-06-15T08:28:55+00:00,LINE-B01,WELD-001,pressure,208.43,kPa,normal
2026-06-15T08:29:00+00:00,LINE-A02,OVEN-002,pressure,240.04,kPa,normal
2026-06-15T08:29:05+00:00,LINE-A02,WELD-002,pressure,297.03,kPa,normal
2026-06-15T08:29:10+00:00,LINE-B01,ROBOT-001,vibration,1.15,mm/s,normal
2026-06-15T08:29:15+00:00,LINE-A01,OVEN-001,pressure,276.85,kPa,normal
2026-06-15T08:29:20+00:00,LINE-C01,CONVEYOR-001,vibration,6.88,mm/s,alarm
2026-06-15T08:29:25+00:00,LINE-B01,PRESS-002,vibration,0.24,mm/s,normal
2026-06-15T08:29:30+00:00,LINE-A02,WELD-001,vibration,1.08,mm/s,normal
2026-06-15T08:29:35+00:00,LINE-A01,PRESS-002,temperature,76.43,°C,normal
2026-06-15T08:29:40+00:00,LINE-B01,WELD-002,pressure,132.93,kPa,normal
2026-06-15T08:29:45+00:00,LINE-B01,PRESS-002,vibration,3.04,mm/s,warning
2026-06-15T08:29:50+00:00,LINE-B01,WELD-001,vibration,1.92,mm/s,normal
2026-06-15T08:29:55+00:00,LINE-C01,WELD-001,pressure,206.7,kPa,normal
2026-06-15T08:30:00+00:00,LINE-C01,OVEN-002,pressure,315.42,kPa,warning
2026-06-15T08:30:05+00:00,LINE-A01,PRESS-001,pressure,272.76,kPa,normal
2026-06-15T08:30:10+00:00,LINE-A02,CONVEYOR-001,pressure,152.93,kPa,normal
2026-06-15T08:30:15+00:00,LINE-C01,OVEN-001,pressure,199.61,kPa,normal
2026-06-15T08:30:20+00:00,LINE-B02,OVEN-001,pressure,348.29,kPa,warning
2026-06-15T08:30:25+00:00,LINE-B02,CONVEYOR-001,vibration,0.21,mm/s,normal
2026-06-15T08:30:30+00:00,LINE-A02,OVEN-002,vibration,0.75,mm/s,normal
2026-06-15T08:30:35+00:00,LINE-B01,CONVEYOR-001,pressure,297.6,kPa,normal
2026-06-15T08:30:40+00:00,LINE-A01,OVEN-002,temperature,60.6,°C,normal
2026-06-15T08:30:45+00:00,LINE-A02,WELD-001,temperature,50.7,°C,normal
2026-06-15T08:30:50+00:00,LINE-C01,CONVEYOR-001,temperature,77.82,°C,normal
2026-06-15T08:30:55+00:00,LINE-B01,OVEN-002,temperature,89.02,°C,warning
2026-06-15T08:31:00+00:00,LINE-C01,ROBOT-001,temperature,59.93,°C,normal
2026-06-15T08:31:05+00:00,LINE-A01,CONVEYOR-001,vibration,1.05,mm/s,normal
2026-06-15T08:31:10+00:00,LINE-C01,OVEN-002,pressure,148.15,kPa,normal
2026-06-15T08:31:15+00:00,LINE-B02,OVEN-001,temperature,59.8,°C,normal
2026-06-15T08:31:20+00:00,LINE-A02,OVEN-001,pressure,121.5,kPa,normal
2026-06-15T08:31:25+00:00,LINE-A01,CONVEYOR-001,pressure,180.65,kPa,normal
2026-06-15T08:31:30+00:00,LINE-C01,OVEN-001,temperature,47.79,°C,normal
2026-06-15T08:31:35+00:00,LINE-C01,OVEN-001,temperature,58.01,°C,normal
2026-06-15T08:31:40+00:00,LINE-A01,CONVEYOR-001,pressure,123.76,kPa,normal
2026-06-15T08:31:45+00:00,LINE-B01,WELD-001,vibration,0.74,mm/s,normal
2026-06-15T08:31:50+00:00,LINE-A01,PRESS-001,temperature,56.06,°C,normal
2026-06-15T08:31:55+00:00,LINE-B02,ROBOT-001,temperature,53.32,°C,normal
2026-06-15T08:32:00+00:00,LINE-B01,OVEN-002,temperature,60.62,°C,normal
2026-06-15T08:32:05+00:00,LINE-B01,OVEN-002,temperature,64.66,°C,normal
2026-06-15T08:32:10+00:00,LINE-C01,OVEN-001,pressure,206.47,kPa,normal
2026-06-15T08:32:15+00:00,LINE-A01,CONVEYOR-001,vibration,0.8,mm/s,normal
2026-06-15T08:32:20+00:00,LINE-A01,ROBOT-001,pressure,279.75,kPa,normal
2026-06-15T08:32:25+00:00,LINE-C01,WELD-002,vibration,3.57,mm/s,warning
2026-06-15T08:32:30+00:00,LINE-C01,CONVEYOR-001,pressure,196.09,kPa,normal
2026-06-15T08:32:35+00:00,LINE-C01,PRESS-002,temperature,49.69,°C,normal
2026-06-15T08:32:40+00:00,LINE-A02,CONVEYOR-001,temperature,52.55,°C,normal
2026-06-15T08:32:45+00:00,LINE-C01,ROBOT-001,pressure,200.36,kPa,normal
2026-06-15T08:32:50+00:00,LINE-C01,WELD-002,pressure,241.16,kPa,normal
2026-06-15T08:32:55+00:00,LINE-C01,CONVEYOR-001,pressure,232.45,kPa,normal
2026-06-15T08:33:00+00:00,LINE-C01,OVEN-002,vibration,2.92,mm/s,warning
2026-06-15T08:33:05+00:00,LINE-B01,ROBOT-001,pressure,254.4,kPa,normal
2026-06-15T08:33:10+00:00,LINE-B01,WELD-002,temperature,82.79,°C,warning
2026-06-15T08:33:15+00:00,LINE-B02,OVEN-002,vibration,1.44,mm/s,normal
2026-06-15T08:33:20+00:00,LINE-B01,OVEN-001,vibration,1.87,mm/s,normal
2026-06-15T08:33:25+00:00,LINE-B02,OVEN-002,temperature,61.73,°C,normal
2026-06-15T08:33:30+00:00,LINE-A01,OVEN-002,temperature,51.51,°C,normal
2026-06-15T08:33:35+00:00,LINE-A02,WELD-002,vibration,1.52,mm/s,normal
2026-06-15T08:33:40+00:00,LINE-B01,WELD-001,pressure,212.4,kPa,normal
2026-06-15T08:33:45+00:00,LINE-A02,PRESS-001,temperature,63.47,°C,normal
2026-06-15T08:33:50+00:00,LINE-A02,PRESS-001,pressure,322.57,kPa,warning
2026-06-15T08:33:55+00:00,LINE-A01,WELD-001,temperature,68.69,°C,normal
2026-06-15T08:34:00+00:00,LINE-A02,CONVEYOR-001,temperature,89.78,°C,warning
2026-06-15T08:34:05+00:00,LINE-B02,WELD-002,pressure,387.84,kPa,warning
2026-06-15T08:34:10+00:00,LINE-A01,WELD-002,vibration,1.33,mm/s,normal
2026-06-15T08:34:15+00:00,LINE-A01,WELD-001,pressure,270.07,kPa,normal
2026-06-15T08:34:20+00:00,LINE-A01,CONVEYOR-001,vibration,0.43,mm/s,normal
2026-06-15T08:34:25+00:00,LINE-B01,PRESS-001,vibration,1.52,mm/s,normal
2026-06-15T08:34:30+00:00,LINE-B01,OVEN-001,temperature,64.11,°C,normal
2026-06-15T08:34:35+00:00,LINE-B02,WELD-001,vibration,6.17,mm/s,alarm
2026-06-15T08:34:40+00:00,LINE-A01,OVEN-002,pressure,138.56,kPa,normal
2026-06-15T08:34:45+00:00,LINE-A02,PRESS-001,temperature,65.93,°C,normal
2026-06-15T08:34:50+00:00,LINE-A02,WELD-001,pressure,159.0,kPa,normal
2026-06-15T08:34:55+00:00,LINE-B02,OVEN-002,pressure,279.41,kPa,normal
2026-06-15T08:35:00+00:00,LINE-A02,ROBOT-001,temperature,43.82,°C,normal
2026-06-15T08:35:05+00:00,LINE-B02,WELD-002,vibration,2.01,mm/s,warning
2026-06-15T08:35:10+00:00,LINE-B01,PRESS-001,vibration,1.91,mm/s,normal
2026-06-15T08:35:15+00:00,LINE-A01,PRESS-002,vibration,1.42,mm/s,normal
2026-06-15T08:35:20+00:00,LINE-C01,OVEN-001,vibration,0.87,mm/s,normal
2026-06-15T08:35:25+00:00,LINE-B01,OVEN-002,pressure,283.23,kPa,normal
2026-06-15T08:35:30+00:00,LINE-B02,WELD-001,pressure,291.47,kPa,normal
2026-06-15T08:35:35+00:00,LINE-B02,ROBOT-001,vibration,1.25,mm/s,normal
2026-06-15T08:35:40+00:00,LINE-A02,PRESS-002,pressure,265.12,kPa,normal
2026-06-15T08:35:45+00:00,LINE-A01,PRESS-002,pressure,240.75,kPa,normal
2026-06-15T08:35:50+00:00,LINE-A02,WELD-001,temperature,76.12,°C,normal
2026-06-15T08:35:55+00:00,LINE-A01,WELD-002,temperature,60.81,°C,normal
2026-06-15T08:36:00+00:00,LINE-C01,ROBOT-001,pressure,118.19,kPa,normal
2026-06-15T08:36:05+00:00,LINE-B02,PRESS-001,temperature,60.53,°C,normal
2026-06-15T08:36:10+00:00,LINE-A01,CONVEYOR-001,pressure,261.38,kPa,normal
2026-06-15T08:36:15+00:00,LINE-C01,PRESS-002,vibration,1.52,mm/s,normal
2026-06-15T08:36:20+00:00,LINE-C01,PRESS-001,temperature,68.02,°C,normal
2026-06-15T08:36:25+00:00,LINE-B01,CONVEYOR-001,temperature,104.16,°C,alarm
2026-06-15T08:36:30+00:00,LINE-B02,OVEN-002,temperature,70.63,°C,normal
2026-06-15T08:36:35+00:00,LINE-B02,CONVEYOR-001,vibration,1.84,mm/s,normal
2026-06-15T08:36:40+00:00,LINE-C01,WELD-001,temperature,66.47,°C,normal
2026-06-15T08:36:45+00:00,LINE-C01,CONVEYOR-001,pressure,123.73,kPa,normal
2026-06-15T08:36:50+00:00,LINE-A01,PRESS-001,pressure,295.74,kPa,normal
2026-06-15T08:36:55+00:00,LINE-B02,CONVEYOR-001,vibration,1.47,mm/s,normal
2026-06-15T08:37:00+00:00,LINE-B01,WELD-002,temperature,53.85,°C,normal
2026-06-15T08:37:05+00:00,LINE-B02,PRESS-001,pressure,106.44,kPa,normal
2026-06-15T08:37:10+00:00,LINE-A01,ROBOT-001,temperature,44.04,°C,normal
2026-06-15T08:37:15+00:00,LINE-A02,PRESS-001,pressure,274.44,kPa,normal
2026-06-15T08:37:20+00:00,LINE-A01,WELD-001,vibration,1.13,mm/s,normal
2026-06-15T08:37:25+00:00,LINE-C01,OVEN-002,pressure,446.83,kPa,alarm
2026-06-15T08:37:30+00:00,LINE-B01,WELD-002,pressure,234.51,kPa,normal
2026-06-15T08:37:35+00:00,LINE-C01,WELD-002,vibration,1.97,mm/s,normal
2026-06-15T08:37:40+00:00,LINE-C01,WELD-001,vibration,0.22,mm/s,normal
2026-06-15T08:37:45+00:00,LINE-A01,OVEN-002,pressure,211.17,kPa,normal
2026-06-15T08:37:50+00:00,LINE-B01,CONVEYOR-001,pressure,257.16,kPa,normal
2026-06-15T08:37:55+00:00,LINE-C01,ROBOT-001,vibration,0.82,mm/s,normal
2026-06-15T08:38:00+00:00,LINE-A02,ROBOT-001,temperature,52.03,°C,normal
2026-06-15T08:38:05+00:00,LINE-C01,WELD-001,temperature,78.71,°C,normal
2026-06-15T08:38:10+00:00,LINE-A01,ROBOT-001,vibration,0.49,mm/s,normal
2026-06-15T08:38:15+00:00,LINE-A02,PRESS-001,vibration,1.48,mm/s,normal
2026-06-15T08:38:20+00:00,LINE-A01,PRESS-002,vibration,1.25,mm/s,normal
2026-06-15T08:38:25+00:00,LINE-C01,WELD-002,temperature,63.5,°C,normal
2026-06-15T08:38:30+00:00,LINE-B01,PRESS-001,vibration,1.82,mm/s,normal
2026-06-15T08:38:35+00:00,LINE-A01,ROBOT-001,temperature,89.62,°C,warning
2026-06-15T08:38:40+00:00,LINE-B02,WELD-002,temperature,68.15,°C,normal
2026-06-15T08:38:45+00:00,LINE-B02,OVEN-002,pressure,156.61,kPa,normal
2026-06-15T08:38:50+00:00,LINE-B02,ROBOT-001,vibration,1.07,mm/s,normal
2026-06-15T08:38:55+00:00,LINE-B01,WELD-002,temperature,68.9,°C,normal
2026-06-15T08:39:00+00:00,LINE-A02,WELD-001,vibration,0.19,mm/s,normal
2026-06-15T08:39:05+00:00,LINE-C01,CONVEYOR-001,temperature,77.39,°C,normal
2026-06-15T08:39:10+00:00,LINE-B02,WELD-002,vibration,0.73,mm/s,normal
2026-06-15T08:39:15+00:00,LINE-B01,OVEN-001,vibration,1.89,mm/s,normal
2026-06-15T08:39:20+00:00,LINE-B02,ROBOT-001,vibration,3.28,mm/s,warning
2026-06-15T08:39:25+00:00,LINE-A02,ROBOT-001,temperature,54.09,°C,normal
2026-06-15T08:39:30+00:00,LINE-A01,PRESS-001,temperature,85.42,°C,warning
2026-06-15T08:39:35+00:00,LINE-A01,CONVEYOR-001,temperature,86.68,°C,warning
2026-06-15T08:39:40+00:00,LINE-A02,PRESS-001,temperature,49.26,°C,normal
2026-06-15T08:39:45+00:00,LINE-C01,ROBOT-001,temperature,54.93,°C,normal
2026-06-15T08:39:50+00:00,LINE-C01,CONVEYOR-001,pressure,101.32,kPa,normal
2026-06-15T08:39:55+00:00,LINE-C01,OVEN-001,temperature,68.89,°C,normal
2026-06-15T08:40:00+00:00,LINE-B02,WELD-001,temperature,67.91,°C,normal
2026-06-15T08:40:05+00:00,LINE-A02,WELD-002,temperature,85.24,°C,warning
2026-06-15T08:40:10+00:00,LINE-B01,CONVEYOR-001,pressure,263.04,kPa,normal
2026-06-15T08:40:15+00:00,LINE-C01,WELD-002,temperature,56.24,°C,normal
2026-06-15T08:40:20+00:00,LINE-A01,PRESS-001,pressure,236.81,kPa,normal
2026-06-15T08:40:25+00:00,LINE-B02,PRESS-001,temperature,55.09,°C,normal
2026-06-15T08:40:30+00:00,LINE-B02,CONVEYOR-001,pressure,134.28,kPa,normal
2026-06-15T08:40:35+00:00,LINE-A01,PRESS-001,pressure,213.17,kPa,normal
2026-06-15T08:40:40+00:00,LINE-C01,ROBOT-001,temperature,74.72,°C,normal
2026-06-15T08:40:45+00:00,LINE-B01,PRESS-001,vibration,0.24,mm/s,normal
2026-06-15T08:40:50+00:00,LINE-A02,WELD-001,temperature,83.14,°C,warning
2026-06-15T08:40:55+00:00,LINE-B01,WELD-001,pressure,285.77,kPa,normal
2026-06-15T08:41:00+00:00,LINE-B02,OVEN-002,pressure,266.93,kPa,normal
2026-06-15T08:41:05+00:00,LINE-A01,OVEN-002,vibration,0.37,mm/s,normal
2026-06-15T08:41:10+00:00,LINE-A01,OVEN-002,temperature,49.29,°C,normal
2026-06-15T08:41:15+00:00,LINE-B02,OVEN-002,pressure,290.97,kPa,normal
2026-06-15T08:41:20+00:00,LINE-B02,ROBOT-001,temperature,71.34,°C,normal
2026-06-15T08:41:25+00:00,LINE-B02,WELD-001,temperature,77.65,°C,normal
2026-06-15T08:41:30+00:00,LINE-C01,OVEN-001,pressure,176.01,kPa,normal
2026-06-15T08:41:35+00:00,LINE-A02,CONVEYOR-001,temperature,43.28,°C,normal
2026-06-15T08:41:40+00:00,LINE-B02,OVEN-002,pressure,130.86,kPa,normal
2026-06-15T08:41:45+00:00,LINE-B01,ROBOT-001,vibration,0.11,mm/s,normal
2026-06-15T08:41:50+00:00,LINE-A01,WELD-001,vibration,0.29,mm/s,normal
2026-06-15T08:41:55+00:00,LINE-B02,PRESS-002,vibration,1.15,mm/s,normal
2026-06-15T08:42:00+00:00,LINE-C01,OVEN-002,temperature,62.17,°C,normal
2026-06-15T08:42:05+00:00,LINE-A01,WELD-002,vibration,0.89,mm/s,normal
2026-06-15T08:42:10+00:00,LINE-A02,WELD-001,pressure,237.06,kPa,normal
2026-06-15T08:42:15+00:00,LINE-A01,WELD-001,vibration,1.04,mm/s,normal
2026-06-15T08:42:20+00:00,LINE-A01,OVEN-002,vibration,0.67,mm/s,normal
2026-06-15T08:42:25+00:00,LINE-B02,WELD-002,vibration,3.44,mm/s,warning
2026-06-15T08:42:30+00:00,LINE-B02,OVEN-002,vibration,0.68,mm/s,normal
2026-06-15T08:42:35+00:00,LINE-B02,OVEN-002,pressure,272.44,kPa,normal
2026-06-15T08:42:40+00:00,LINE-C01,WELD-001,vibration,1.73,mm/s,normal
2026-06-15T08:42:45+00:00,LINE-A02,ROBOT-001,vibration,1.9,mm/s,normal
2026-06-15T08:42:50+00:00,LINE-B01,OVEN-001,vibration,0.86,mm/s,normal
2026-06-15T08:42:55+00:00,LINE-C01,WELD-002,pressure,198.2,kPa,normal
2026-06-15T08:43:00+00:00,LINE-B02,OVEN-002,vibration,1.65,mm/s,normal
2026-06-15T08:43:05+00:00,LINE-C01,WELD-001,temperature,82.0,°C,warning
2026-06-15T08:43:10+00:00,LINE-B02,WELD-002,pressure,105.38,kPa,normal
2026-06-15T08:43:15+00:00,LINE-A01,CONVEYOR-001,vibration,1.68,mm/s,normal
2026-06-15T08:43:20+00:00,LINE-A02,OVEN-001,pressure,226.67,kPa,normal
2026-06-15T08:43:25+00:00,LINE-B02,PRESS-002,pressure,184.63,kPa,normal
2026-06-15T08:43:30+00:00,LINE-B02,CONVEYOR-001,vibration,5.92,mm/s,alarm
2026-06-15T08:43:35+00:00,LINE-C01,PRESS-002,pressure,293.69,kPa,normal
2026-06-15T08:43:40+00:00,LINE-B01,WELD-001,temperature,66.3,°C,normal
2026-06-15T08:43:45+00:00,LINE-B02,OVEN-002,pressure,212.64,kPa,normal
2026-06-15T08:43:50+00:00,LINE-A02,WELD-002,vibration,0.29,mm/s,normal
2026-06-15T08:43:55+00:00,LINE-C01,WELD-001,vibration,0.98,mm/s,normal
2026-06-15T08:44:00+00:00,LINE-B01,CONVEYOR-001,vibration,5.93,mm/s,alarm
2026-06-15T08:44:05+00:00,LINE-A02,OVEN-002,temperature,77.63,°C,normal
2026-06-15T08:44:10+00:00,LINE-C01,ROBOT-001,vibration,1.59,mm/s,normal
2026-06-15T08:44:15+00:00,LINE-B02,OVEN-002,vibration,0.93,mm/s,normal
2026-06-15T08:44:20+00:00,LINE-A01,PRESS-001,temperature,72.41,°C,normal
2026-06-15T08:44:25+00:00,LINE-A02,WELD-002,vibration,1.39,mm/s,normal
2026-06-15T08:44:30+00:00,LINE-C01,CONVEYOR-001,pressure,132.03,kPa,normal
2026-06-15T08:44:35+00:00,LINE-A02,WELD-001,vibration,0.87,mm/s,normal
2026-06-15T08:44:40+00:00,LINE-C01,WELD-002,pressure,179.12,kPa,normal
2026-06-15T08:44:45+00:00,LINE-A02,WELD-002,vibration,0.84,mm/s,normal
2026-06-15T08:44:50+00:00,LINE-A01,PRESS-002,vibration,1.64,mm/s,normal
2026-06-15T08:44:55+00:00,LINE-B02,PRESS-002,pressure,165.2,kPa,normal
2026-06-15T08:45:00+00:00,LINE-B01,CONVEYOR-001,vibration,1.03,mm/s,normal
2026-06-15T08:45:05+00:00,LINE-B01,ROBOT-001,pressure,122.85,kPa,normal
2026-06-15T08:45:10+00:00,LINE-B01,PRESS-002,pressure,234.72,kPa,normal
2026-06-15T08:45:15+00:00,LINE-B01,PRESS-002,pressure,123.57,kPa,normal
2026-06-15T08:45:20+00:00,LINE-B02,CONVEYOR-001,temperature,45.65,°C,normal
2026-06-15T08:45:25+00:00,LINE-A02,ROBOT-001,pressure,176.74,kPa,normal
2026-06-15T08:45:30+00:00,LINE-A02,WELD-001,pressure,283.83,kPa,normal
2026-06-15T08:45:35+00:00,LINE-B02,PRESS-001,vibration,0.46,mm/s,normal
2026-06-15T08:45:40+00:00,LINE-A02,CONVEYOR-001,vibration,2.97,mm/s,warning
2026-06-15T08:45:45+00:00,LINE-B02,CONVEYOR-001,pressure,198.99,kPa,normal
2026-06-15T08:45:50+00:00,LINE-A01,PRESS-001,pressure,197.74,kPa,normal
2026-06-15T08:45:55+00:00,LINE-C01,OVEN-001,temperature,50.99,°C,normal
2026-06-15T08:46:00+00:00,LINE-B02,PRESS-002,temperature,62.63,°C,normal
2026-06-15T08:46:05+00:00,LINE-B01,PRESS-001,pressure,255.02,kPa,normal
2026-06-15T08:46:10+00:00,LINE-B02,PRESS-002,pressure,143.71,kPa,normal
2026-06-15T08:46:15+00:00,LINE-B01,PRESS-001,pressure,250.27,kPa,normal
2026-06-15T08:46:20+00:00,LINE-A01,ROBOT-001,vibration,1.74,mm/s,normal
2026-06-15T08:46:25+00:00,LINE-C01,OVEN-002,temperature,49.48,°C,normal
2026-06-15T08:46:30+00:00,LINE-C01,WELD-001,pressure,185.63,kPa,normal
2026-06-15T08:46:35+00:00,LINE-C01,OVEN-002,temperature,72.22,°C,normal
2026-06-15T08:46:40+00:00,LINE-B01,OVEN-001,pressure,207.75,kPa,normal
2026-06-15T08:46:45+00:00,LINE-C01,PRESS-002,vibration,1.91,mm/s,normal
2026-06-15T08:46:50+00:00,LINE-A01,OVEN-001,temperature,87.86,°C,warning
2026-06-15T08:46:55+00:00,LINE-A02,WELD-001,pressure,273.22,kPa,normal
2026-06-15T08:47:00+00:00,LINE-B02,ROBOT-001,pressure,149.51,kPa,normal
2026-06-15T08:47:05+00:00,LINE-B02,CONVEYOR-001,temperature,50.75,°C,normal
2026-06-15T08:47:10+00:00,LINE-A01,CONVEYOR-001,vibration,1.61,mm/s,normal
2026-06-15T08:47:15+00:00,LINE-B01,ROBOT-001,pressure,238.94,kPa,normal
2026-06-15T08:47:20+00:00,LINE-A01,ROBOT-001,vibration,0.1,mm/s,normal
2026-06-15T08:47:25+00:00,LINE-A01,CONVEYOR-001,pressure,171.64,kPa,normal
2026-06-15T08:47:30+00:00,LINE-B02,OVEN-001,temperature,88.25,°C,warning
2026-06-15T08:47:35+00:00,LINE-C01,WELD-001,vibration,0.74,mm/s,normal
2026-06-15T08:47:40+00:00,LINE-A01,PRESS-001,pressure,257.66,kPa,normal
2026-06-15T08:47:45+00:00,LINE-A01,PRESS-002,temperature,73.47,°C,normal
2026-06-15T08:47:50+00:00,LINE-B02,WELD-002,temperature,40.03,°C,normal
2026-06-15T08:47:55+00:00,LINE-B01,WELD-001,pressure,388.21,kPa,warning
2026-06-15T08:48:00+00:00,LINE-A01,OVEN-002,vibration,0.78,mm/s,normal
2026-06-15T08:48:05+00:00,LINE-B02,OVEN-001,pressure,316.55,kPa,warning
2026-06-15T08:48:10+00:00,LINE-A01,PRESS-002,pressure,146.83,kPa,normal
2026-06-15T08:48:15+00:00,LINE-C01,WELD-002,temperature,43.12,°C,normal
2026-06-15T08:48:20+00:00,LINE-B01,PRESS-002,pressure,101.86,kPa,normal
2026-06-15T08:48:25+00:00,LINE-A02,CONVEYOR-001,vibration,1.01,mm/s,normal
2026-06-15T08:48:30+00:00,LINE-B01,OVEN-002,temperature,44.1,°C,normal
2026-06-15T08:48:35+00:00,LINE-A02,WELD-001,vibration,1.57,mm/s,normal
2026-06-15T08:48:40+00:00,LINE-A02,ROBOT-001,temperature,40.34,°C,normal
2026-06-15T08:48:45+00:00,LINE-A02,CONVEYOR-001,vibration,1.29,mm/s,normal
2026-06-15T08:48:50+00:00,LINE-A01,PRESS-002,pressure,271.99,kPa,normal
2026-06-15T08:48:55+00:00,LINE-B02,OVEN-002,temperature,63.58,°C,normal
2026-06-15T08:49:00+00:00,LINE-B01,PRESS-002,vibration,0.37,mm/s,normal
2026-06-15T08:49:05+00:00,LINE-C01,OVEN-001,temperature,64.0,°C,normal
2026-06-15T08:49:10+00:00,LINE-B01,WELD-002,pressure,269.41,kPa,normal
2026-06-15T08:49:15+00:00,LINE-B02,OVEN-001,pressure,137.73,kPa,normal
2026-06-15T08:49:20+00:00,LINE-A02,ROBOT-001,pressure,279.58,kPa,normal
2026-06-15T08:49:25+00:00,LINE-C01,PRESS-002,vibration,1.05,mm/s,normal
2026-06-15T08:49:30+00:00,LINE-B01,OVEN-002,pressure,102.41,kPa,normal
2026-06-15T08:49:35+00:00,LINE-B02,OVEN-002,temperature,73.56,°C,normal
2026-06-15T08:49:40+00:00,LINE-A01,PRESS-001,pressure,252.55,kPa,normal
2026-06-15T08:49:45+00:00,LINE-A01,PRESS-001,pressure,152.44,kPa,normal
2026-06-15T08:49:50+00:00,LINE-C01,CONVEYOR-001,vibration,1.29,mm/s,normal
2026-06-15T08:49:55+00:00,LINE-C01,WELD-001,vibration,0.26,mm/s,normal
2026-06-15T08:50:00+00:00,LINE-A02,WELD-001,vibration,0.25,mm/s,normal
2026-06-15T08:50:05+00:00,LINE-A01,OVEN-001,pressure,217.29,kPa,normal
2026-06-15T08:50:10+00:00,LINE-A02,PRESS-001,pressure,290.69,kPa,normal
2026-06-15T08:50:15+00:00,LINE-B02,PRESS-001,temperature,57.38,°C,normal
2026-06-15T08:50:20+00:00,LINE-A02,PRESS-002,vibration,1.35,mm/s,normal
2026-06-15T08:50:25+00:00,LINE-A02,ROBOT-001,temperature,68.06,°C,normal
2026-06-15T08:50:30+00:00,LINE-B01,WELD-001,vibration,1.59,mm/s,normal
2026-06-15T08:50:35+00:00,LINE-B01,PRESS-002,vibration,1.58,mm/s,normal
2026-06-15T08:50:40+00:00,LINE-C01,PRESS-002,temperature,57.17,°C,normal
2026-06-15T08:50:45+00:00,LINE-A01,ROBOT-001,vibration,1.2,mm/s,normal
2026-06-15T08:50:50+00:00,LINE-C01,WELD-001,vibration,0.21,mm/s,normal
2026-06-15T08:50:55+00:00,LINE-C01,PRESS-002,vibration,1.57,mm/s,normal
2026-06-15T08:51:00+00:00,LINE-A01,WELD-002,temperature,40.1,°C,normal
2026-06-15T08:51:05+00:00,LINE-A02,WELD-001,temperature,55.32,°C,normal
2026-06-15T08:51:10+00:00,LINE-B02,WELD-002,temperature,76.56,°C,normal
2026-06-15T08:51:15+00:00,LINE-B01,OVEN-001,vibration,1.84,mm/s,normal
2026-06-15T08:51:20+00:00,LINE-A01,WELD-001,temperature,44.78,°C,normal
2026-06-15T08:51:25+00:00,LINE-B02,PRESS-002,temperature,79.26,°C,normal
2026-06-15T08:51:30+00:00,LINE-B01,OVEN-002,vibration,1.57,mm/s,normal
2026-06-15T08:51:35+00:00,LINE-A02,OVEN-001,temperature,40.32,°C,normal
2026-06-15T08:51:40+00:00,LINE-A02,ROBOT-001,pressure,247.92,kPa,normal
2026-06-15T08:51:45+00:00,LINE-A02,WELD-002,vibration,1.04,mm/s,normal
2026-06-15T08:51:50+00:00,LINE-A02,OVEN-002,temperature,56.4,°C,normal
2026-06-15T08:51:55+00:00,LINE-B01,PRESS-001,pressure,275.44,kPa,normal
2026-06-15T08:52:00+00:00,LINE-B01,PRESS-002,pressure,247.62,kPa,normal
2026-06-15T08:52:05+00:00,LINE-B02,PRESS-001,temperature,49.53,°C,normal
2026-06-15T08:52:10+00:00,LINE-A02,CONVEYOR-001,temperature,43.72,°C,normal
2026-06-15T08:52:15+00:00,LINE-A01,PRESS-002,pressure,191.69,kPa,normal
2026-06-15T08:52:20+00:00,LINE-A01,PRESS-001,pressure,263.99,kPa,normal
2026-06-15T08:52:25+00:00,LINE-B01,OVEN-001,vibration,0.35,mm/s,normal
2026-06-15T08:52:30+00:00,LINE-B01,OVEN-002,vibration,2.79,mm/s,warning
2026-06-15T08:52:35+00:00,LINE-A02,WELD-001,vibration,0.24,mm/s,normal
2026-06-15T08:52:40+00:00,LINE-B02,ROBOT-001,pressure,121.13,kPa,normal
2026-06-15T08:52:45+00:00,LINE-A02,ROBOT-001,vibration,1.12,mm/s,normal
2026-06-15T08:52:50+00:00,LINE-A01,WELD-001,vibration,1.72,mm/s,normal
2026-06-15T08:52:55+00:00,LINE-C01,PRESS-001,pressure,240.94,kPa,normal
2026-06-15T08:53:00+00:00,LINE-A01,WELD-002,temperature,53.11,°C,normal
2026-06-15T08:53:05+00:00,LINE-B01,OVEN-001,vibration,0.19,mm/s,normal
2026-06-15T08:53:10+00:00,LINE-B02,WELD-002,temperature,56.18,°C,normal
2026-06-15T08:53:15+00:00,LINE-A02,PRESS-002,temperature,72.16,°C,normal
2026-06-15T08:53:20+00:00,LINE-A02,WELD-001,temperature,71.24,°C,normal
2026-06-15T08:53:25+00:00,LINE-A01,OVEN-001,temperature,54.89,°C,normal
2026-06-15T08:53:30+00:00,LINE-B02,WELD-001,temperature,42.58,°C,normal
2026-06-15T08:53:35+00:00,LINE-B01,PRESS-002,temperature,88.29,°C,warning
2026-06-15T08:53:40+00:00,LINE-C01,CONVEYOR-001,temperature,80.51,°C,warning
2026-06-15T08:53:45+00:00,LINE-B02,WELD-001,pressure,105.9,kPa,normal
2026-06-15T08:53:50+00:00,LINE-B01,ROBOT-001,vibration,0.46,mm/s,normal
2026-06-15T08:53:55+00:00,LINE-A02,OVEN-001,temperature,64.77,°C,normal
2026-06-15T08:54:00+00:00,LINE-A01,PRESS-002,vibration,1.15,mm/s,normal
2026-06-15T08:54:05+00:00,LINE-C01,WELD-002,vibration,0.9,mm/s,normal
2026-06-15T08:54:10+00:00,LINE-A01,CONVEYOR-001,pressure,508.73,kPa,alarm
2026-06-15T08:54:15+00:00,LINE-B02,OVEN-002,pressure,208.9,kPa,normal
2026-06-15T08:54:20+00:00,LINE-A02,PRESS-001,pressure,177.68,kPa,normal
2026-06-15T08:54:25+00:00,LINE-B01,PRESS-001,vibration,0.16,mm/s,normal
2026-06-15T08:54:30+00:00,LINE-A02,WELD-001,vibration,1.56,mm/s,normal
2026-06-15T08:54:35+00:00,LINE-C01,PRESS-001,temperature,49.65,°C,normal
2026-06-15T08:54:40+00:00,LINE-B02,OVEN-002,temperature,79.31,°C,normal
2026-06-15T08:54:45+00:00,LINE-B01,PRESS-001,temperature,63.7,°C,normal
2026-06-15T08:54:50+00:00,LINE-C01,WELD-001,pressure,289.51,kPa,normal
2026-06-15T08:54:55+00:00,LINE-B02,OVEN-001,pressure,383.67,kPa,warning
2026-06-15T08:55:00+00:00,LINE-A02,WELD-002,temperature,43.61,°C,normal
2026-06-15T08:55:05+00:00,LINE-C01,WELD-002,temperature,40.03,°C,normal
2026-06-15T08:55:10+00:00,LINE-B01,PRESS-001,temperature,47.1,°C,normal
2026-06-15T08:55:15+00:00,LINE-A02,PRESS-002,temperature,68.19,°C,normal
2026-06-15T08:55:20+00:00,LINE-B01,CONVEYOR-001,pressure,292.11,kPa,normal
2026-06-15T08:55:25+00:00,LINE-A02,WELD-001,pressure,160.35,kPa,normal
2026-06-15T08:55:30+00:00,LINE-B02,OVEN-002,pressure,379.18,kPa,warning
2026-06-15T08:55:35+00:00,LINE-C01,OVEN-002,temperature,62.48,°C,normal
2026-06-15T08:55:40+00:00,LINE-B02,OVEN-001,temperature,72.58,°C,normal
2026-06-15T08:55:45+00:00,LINE-A01,CONVEYOR-001,pressure,125.47,kPa,normal
2026-06-15T08:55:50+00:00,LINE-C01,WELD-002,pressure,220.48,kPa,normal
2026-06-15T08:55:55+00:00,LINE-A02,OVEN-002,pressure,287.34,kPa,normal
2026-06-15T08:56:00+00:00,LINE-B01,WELD-001,pressure,169.36,kPa,normal
2026-06-15T08:56:05+00:00,LINE-B01,ROBOT-001,pressure,117.75,kPa,normal
2026-06-15T08:56:10+00:00,LINE-A01,OVEN-002,temperature,49.98,°C,normal
2026-06-15T08:56:15+00:00,LINE-A01,CONVEYOR-001,vibration,1.47,mm/s,normal
2026-06-15T08:56:20+00:00,LINE-B02,ROBOT-001,vibration,1.94,mm/s,normal
2026-06-15T08:56:25+00:00,LINE-B02,WELD-002,vibration,0.81,mm/s,normal
2026-06-15T08:56:30+00:00,LINE-A01,OVEN-001,temperature,71.97,°C,normal
2026-06-15T08:56:35+00:00,LINE-A01,OVEN-002,temperature,78.07,°C,normal
2026-06-15T08:56:40+00:00,LINE-A01,PRESS-002,temperature,46.44,°C,normal
2026-06-15T08:56:45+00:00,LINE-B02,PRESS-001,vibration,1.27,mm/s,normal
2026-06-15T08:56:50+00:00,LINE-B02,WELD-001,vibration,2.33,mm/s,warning
2026-06-15T08:56:55+00:00,LINE-A02,CONVEYOR-001,temperature,48.22,°C,normal
2026-06-15T08:57:00+00:00,LINE-C01,OVEN-001,pressure,285.11,kPa,normal
2026-06-15T08:57:05+00:00,LINE-A01,CONVEYOR-001,pressure,147.51,kPa,normal
2026-06-15T08:57:10+00:00,LINE-A01,OVEN-002,pressure,198.19,kPa,normal
2026-06-15T08:57:15+00:00,LINE-C01,ROBOT-001,temperature,51.78,°C,normal
2026-06-15T08:57:20+00:00,LINE-B01,PRESS-002,temperature,48.28,°C,normal
2026-06-15T08:57:25+00:00,LINE-B02,ROBOT-001,vibration,0.69,mm/s,normal
2026-06-15T08:57:30+00:00,LINE-C01,CONVEYOR-001,vibration,0.6,mm/s,normal
2026-06-15T08:57:35+00:00,LINE-A02,ROBOT-001,temperature,55.26,°C,normal
2026-06-15T08:57:40+00:00,LINE-A02,OVEN-001,temperature,58.6,°C,normal
2026-06-15T08:57:45+00:00,LINE-A01,PRESS-002,pressure,250.45,kPa,normal
2026-06-15T08:57:50+00:00,LINE-C01,WELD-002,pressure,208.29,kPa,normal
2026-06-15T08:57:55+00:00,LINE-C01,CONVEYOR-001,pressure,177.42,kPa,normal
2026-06-15T08:58:00+00:00,LINE-C01,WELD-002,pressure,287.27,kPa,normal
2026-06-15T08:58:05+00:00,LINE-A01,WELD-001,vibration,0.85,mm/s,normal
2026-06-15T08:58:10+00:00,LINE-A02,WELD-002,temperature,84.49,°C,warning
2026-06-15T08:58:15+00:00,LINE-B02,WELD-002,temperature,56.93,°C,normal
2026-06-15T08:58:20+00:00,LINE-B01,PRESS-002,pressure,219.01,kPa,normal
2026-06-15T08:58:25+00:00,LINE-B01,OVEN-001,temperature,55.89,°C,normal
2026-06-15T08:58:30+00:00,LINE-C01,CONVEYOR-001,pressure,274.69,kPa,normal
2026-06-15T08:58:35+00:00,LINE-C01,PRESS-002,temperature,45.93,°C,normal
2026-06-15T08:58:40+00:00,LINE-B01,OVEN-002,temperature,44.04,°C,normal
2026-06-15T08:58:45+00:00,LINE-C01,ROBOT-001,vibration,1.34,mm/s,normal
2026-06-15T08:58:50+00:00,LINE-C01,CONVEYOR-001,temperature,56.12,°C,normal
2026-06-15T08:58:55+00:00,LINE-A02,PRESS-001,temperature,75.16,°C,normal
2026-06-15T08:59:00+00:00,LINE-B01,PRESS-001,pressure,153.72,kPa,normal
2026-06-15T08:59:05+00:00,LINE-B01,ROBOT-001,vibration,0.68,mm/s,normal
2026-06-15T08:59:10+00:00,LINE-A02,WELD-001,pressure,294.5,kPa,normal
2026-06-15T08:59:15+00:00,LINE-B01,OVEN-001,vibration,2.89,mm/s,warning
2026-06-15T08:59:20+00:00,LINE-A02,ROBOT-001,pressure,229.11,kPa,normal
2026-06-15T08:59:25+00:00,LINE-B02,OVEN-002,temperature,84.07,°C,warning
2026-06-15T08:59:30+00:00,LINE-B01,CONVEYOR-001,temperature,46.36,°C,normal
2026-06-15T08:59:35+00:00,LINE-C01,PRESS-001,temperature,60.97,°C,normal
2026-06-15T08:59:40+00:00,LINE-A01,WELD-002,temperature,73.32,°C,normal
2026-06-15T08:59:45+00:00,LINE-A02,OVEN-001,temperature,76.72,°C,normal
2026-06-15T08:59:50+00:00,LINE-A01,PRESS-001,vibration,1.06,mm/s,normal
2026-06-15T08:59:55+00:00,LINE-A02,ROBOT-001,temperature,63.76,°C,normal
2026-06-15T09:00:00+00:00,LINE-B01,PRESS-002,pressure,168.85,kPa,normal
2026-06-15T09:00:05+00:00,LINE-C01,WELD-002,vibration,0.19,mm/s,normal
2026-06-15T09:00:10+00:00,LINE-B01,CONVEYOR-001,temperature,67.11,°C,normal
2026-06-15T09:00:15+00:00,LINE-A01,ROBOT-001,pressure,256.06,kPa,normal
2026-06-15T09:00:20+00:00,LINE-A01,WELD-002,temperature,64.05,°C,normal
2026-06-15T09:00:25+00:00,LINE-B01,CONVEYOR-001,vibration,1.89,mm/s,normal
2026-06-15T09:00:30+00:00,LINE-A02,ROBOT-001,vibration,0.97,mm/s,normal
2026-06-15T09:00:35+00:00,LINE-B02,PRESS-002,vibration,1.67,mm/s,normal
2026-06-15T09:00:40+00:00,LINE-B01,OVEN-001,temperature,66.49,°C,normal
2026-06-15T09:00:45+00:00,LINE-B01,OVEN-001,vibration,1.02,mm/s,normal
2026-06-15T09:00:50+00:00,LINE-B01,WELD-002,pressure,155.38,kPa,normal
2026-06-15T09:00:55+00:00,LINE-A01,CONVEYOR-001,temperature,49.61,°C,normal
2026-06-15T09:01:00+00:00,LINE-A01,ROBOT-001,pressure,127.99,kPa,normal
2026-06-15T09:01:05+00:00,LINE-B02,PRESS-001,vibration,0.9,mm/s,normal
2026-06-15T09:01:10+00:00,LINE-A02,OVEN-002,pressure,214.41,kPa,normal
2026-06-15T09:01:15+00:00,LINE-B02,OVEN-002,pressure,237.26,kPa,normal
2026-06-15T09:01:20+00:00,LINE-C01,WELD-001,pressure,134.0,kPa,normal
2026-06-15T09:01:25+00:00,LINE-B01,WELD-001,vibration,0.34,mm/s,normal
2026-06-15T09:01:30+00:00,LINE-A02,OVEN-002,pressure,230.89,kPa,normal
2026-06-15T09:01:35+00:00,LINE-B01,OVEN-002,temperature,52.28,°C,normal
2026-06-15T09:01:40+00:00,LINE-A01,ROBOT-001,vibration,0.98,mm/s,normal
2026-06-15T09:01:45+00:00,LINE-C01,PRESS-002,temperature,63.34,°C,normal
2026-06-15T09:01:50+00:00,LINE-B02,OVEN-001,vibration,1.05,mm/s,normal
2026-06-15T09:01:55+00:00,LINE-A02,WELD-002,vibration,1.72,mm/s,normal
2026-06-15T09:02:00+00:00,LINE-B02,WELD-001,vibration,1.18,mm/s,normal
2026-06-15T09:02:05+00:00,LINE-A01,ROBOT-001,vibration,0.44,mm/s,normal
2026-06-15T09:02:10+00:00,LINE-A01,PRESS-001,vibration,0.44,mm/s,normal
2026-06-15T09:02:15+00:00,LINE-A02,WELD-001,vibration,1.55,mm/s,normal
2026-06-15T09:02:20+00:00,LINE-A02,CONVEYOR-001,vibration,1.58,mm/s,normal
2026-06-15T09:02:25+00:00,LINE-B02,CONVEYOR-001,pressure,185.81,kPa,normal
2026-06-15T09:02:30+00:00,LINE-B01,PRESS-001,temperature,47.98,°C,normal
2026-06-15T09:02:35+00:00,LINE-A01,PRESS-001,vibration,1.11,mm/s,normal
2026-06-15T09:02:40+00:00,LINE-B01,OVEN-001,pressure,145.25,kPa,normal
2026-06-15T09:02:45+00:00,LINE-B01,WELD-001,temperature,60.13,°C,normal
2026-06-15T09:02:50+00:00,LINE-B01,ROBOT-001,temperature,51.93,°C,normal
2026-06-15T09:02:55+00:00,LINE-B02,WELD-001,pressure,204.82,kPa,normal
2026-06-15T09:03:00+00:00,LINE-A02,WELD-001,vibration,5.96,mm/s,alarm
2026-06-15T09:03:05+00:00,LINE-A02,WELD-002,vibration,0.53,mm/s,normal
2026-06-15T09:03:10+00:00,LINE-A01,OVEN-002,pressure,200.93,kPa,normal
2026-06-15T09:03:15+00:00,LINE-B01,PRESS-001,pressure,107.47,kPa,normal
2026-06-15T09:03:20+00:00,LINE-A01,PRESS-001,pressure,532.39,kPa,alarm
2026-06-15T09:03:25+00:00,LINE-A01,OVEN-001,pressure,188.86,kPa,normal
2026-06-15T09:03:30+00:00,LINE-A01,OVEN-001,vibration,0.49,mm/s,normal
2026-06-15T09:03:35+00:00,LINE-B01,WELD-001,vibration,1.36,mm/s,normal
2026-06-15T09:03:40+00:00,LINE-C01,PRESS-002,vibration,0.3,mm/s,normal
2026-06-15T09:03:45+00:00,LINE-A02,WELD-002,vibration,0.3,mm/s,normal
2026-06-15T09:03:50+00:00,LINE-B01,CONVEYOR-001,vibration,1.95,mm/s,normal
2026-06-15T09:03:55+00:00,LINE-A02,ROBOT-001,vibration,1.14,mm/s,normal
2026-06-15T09:04:00+00:00,LINE-A01,PRESS-002,vibration,0.12,mm/s,normal
2026-06-15T09:04:05+00:00,LINE-A01,PRESS-002,pressure,129.83,kPa,normal
2026-06-15T09:04:10+00:00,LINE-A02,ROBOT-001,pressure,280.96,kPa,normal
2026-06-15T09:04:15+00:00,LINE-A02,PRESS-001,vibration,0.2,mm/s,normal
2026-06-15T09:04:20+00:00,LINE-B02,PRESS-002,vibration,1.39,mm/s,normal
2026-06-15T09:04:25+00:00,LINE-A01,WELD-001,temperature,75.61,°C,normal
2026-06-15T09:04:30+00:00,LINE-B02,OVEN-001,pressure,165.73,kPa,normal
2026-06-15T09:04:35+00:00,LINE-A02,PRESS-002,pressure,262.99,kPa,normal
2026-06-15T09:04:40+00:00,LINE-B02,ROBOT-001,vibration,0.97,mm/s,normal
2026-06-15T09:04:45+00:00,LINE-A01,WELD-001,vibration,1.61,mm/s,normal
2026-06-15T09:04:50+00:00,LINE-A02,PRESS-002,pressure,296.31,kPa,normal
2026-06-15T09:04:55+00:00,LINE-C01,ROBOT-001,vibration,2.97,mm/s,warning
2026-06-15T09:05:00+00:00,LINE-C01,PRESS-001,temperature,71.17,°C,normal
2026-06-15T09:05:05+00:00,LINE-A02,ROBOT-001,pressure,245.46,kPa,normal
2026-06-15T09:05:10+00:00,LINE-A01,PRESS-002,vibration,0.88,mm/s,normal
2026-06-15T09:05:15+00:00,LINE-C01,WELD-002,vibration,0.12,mm/s,normal
2026-06-15T09:05:20+00:00,LINE-C01,PRESS-002,pressure,203.82,kPa,normal
2026-06-15T09:05:25+00:00,LINE-B01,CONVEYOR-001,vibration,0.57,mm/s,normal
2026-06-15T09:05:30+00:00,LINE-C01,PRESS-001,temperature,62.33,°C,normal
2026-06-15T09:05:35+00:00,LINE-B02,ROBOT-001,temperature,46.28,°C,normal
2026-06-15T09:05:40+00:00,LINE-A02,OVEN-002,temperature,59.67,°C,normal
2026-06-15T09:05:45+00:00,LINE-B02,CONVEYOR-001,vibration,0.52,mm/s,normal
2026-06-15T09:05:50+00:00,LINE-C01,ROBOT-001,temperature,57.77,°C,normal
2026-06-15T09:05:55+00:00,LINE-A01,ROBOT-001,temperature,57.88,°C,normal
2026-06-15T09:06:00+00:00,LINE-B02,PRESS-001,pressure,120.53,kPa,normal
2026-06-15T09:06:05+00:00,LINE-C01,OVEN-001,pressure,265.18,kPa,normal
2026-06-15T09:06:10+00:00,LINE-B02,OVEN-002,pressure,230.92,kPa,normal
2026-06-15T09:06:15+00:00,LINE-B02,OVEN-002,vibration,1.65,mm/s,normal
2026-06-15T09:06:20+00:00,LINE-B01,ROBOT-001,pressure,219.99,kPa,normal
2026-06-15T09:06:25+00:00,LINE-A01,OVEN-002,temperature,66.36,°C,normal
2026-06-15T09:06:30+00:00,LINE-B01,OVEN-002,vibration,1.93,mm/s,normal
2026-06-15T09:06:35+00:00,LINE-B02,WELD-001,pressure,279.38,kPa,normal
2026-06-15T09:06:40+00:00,LINE-B01,WELD-002,pressure,181.84,kPa,normal
2026-06-15T09:06:45+00:00,LINE-A02,ROBOT-001,temperature,74.09,°C,normal
2026-06-15T09:06:50+00:00,LINE-B02,PRESS-001,temperature,44.31,°C,normal
2026-06-15T09:06:55+00:00,LINE-B02,ROBOT-001,pressure,217.76,kPa,normal
2026-06-15T09:07:00+00:00,LINE-B02,PRESS-001,pressure,200.84,kPa,normal
2026-06-15T09:07:05+00:00,LINE-B02,ROBOT-001,pressure,210.65,kPa,normal
2026-06-15T09:07:10+00:00,LINE-C01,WELD-001,pressure,282.04,kPa,normal
2026-06-15T09:07:15+00:00,LINE-C01,OVEN-002,pressure,120.71,kPa,normal
2026-06-15T09:07:20+00:00,LINE-C01,WELD-002,pressure,183.73,kPa,normal
2026-06-15T09:07:25+00:00,LINE-B01,ROBOT-001,vibration,0.75,mm/s,normal
2026-06-15T09:07:30+00:00,LINE-C01,OVEN-001,temperature,64.1,°C,normal
2026-06-15T09:07:35+00:00,LINE-C01,WELD-002,pressure,162.78,kPa,normal
2026-06-15T09:07:40+00:00,LINE-B01,WELD-001,temperature,68.58,°C,normal
2026-06-15T09:07:45+00:00,LINE-C01,OVEN-002,pressure,291.67,kPa,normal
2026-06-15T09:07:50+00:00,LINE-B02,CONVEYOR-001,pressure,170.45,kPa,normal
2026-06-15T09:07:55+00:00,LINE-B01,CONVEYOR-001,pressure,268.28,kPa,normal
2026-06-15T09:08:00+00:00,LINE-A02,PRESS-001,temperature,41.01,°C,normal
2026-06-15T09:08:05+00:00,LINE-A02,OVEN-001,pressure,153.4,kPa,normal
2026-06-15T09:08:10+00:00,LINE-B01,WELD-002,pressure,267.88,kPa,normal
2026-06-15T09:08:15+00:00,LINE-A01,WELD-002,pressure,262.81,kPa,normal
2026-06-15T09:08:20+00:00,LINE-C01,OVEN-001,pressure,177.78,kPa,normal
2026-06-15T09:08:25+00:00,LINE-B02,CONVEYOR-001,pressure,285.3,kPa,normal
2026-06-15T09:08:30+00:00,LINE-A01,OVEN-001,pressure,210.42,kPa,normal
2026-06-15T09:08:35+00:00,LINE-B02,WELD-002,temperature,71.24,°C,normal
2026-06-15T09:08:40+00:00,LINE-C01,WELD-002,pressure,229.53,kPa,normal
2026-06-15T09:08:45+00:00,LINE-A02,PRESS-002,pressure,329.42,kPa,warning
2026-06-15T09:08:50+00:00,LINE-A01,CONVEYOR-001,temperature,87.35,°C,warning
2026-06-15T09:08:55+00:00,LINE-A02,WELD-001,temperature,62.26,°C,normal
2026-06-15T09:09:00+00:00,LINE-B02,WELD-001,pressure,101.13,kPa,normal
2026-06-15T09:09:05+00:00,LINE-A01,OVEN-001,temperature,52.91,°C,normal
2026-06-15T09:09:10+00:00,LINE-A01,OVEN-002,vibration,1.15,mm/s,normal
2026-06-15T09:09:15+00:00,LINE-A01,WELD-001,pressure,136.77,kPa,normal
2026-06-15T09:09:20+00:00,LINE-B01,WELD-002,vibration,0.87,mm/s,normal
2026-06-15T09:09:25+00:00,LINE-B01,WELD-002,temperature,53.24,°C,normal
2026-06-15T09:09:30+00:00,LINE-A01,PRESS-002,pressure,299.33,kPa,normal
2026-06-15T09:09:35+00:00,LINE-C01,WELD-002,pressure,148.07,kPa,normal
2026-06-15T09:09:40+00:00,LINE-A01,CONVEYOR-001,temperature,52.84,°C,normal
2026-06-15T09:09:45+00:00,LINE-C01,OVEN-002,vibration,0.64,mm/s,normal
2026-06-15T09:09:50+00:00,LINE-A01,OVEN-001,pressure,189.11,kPa,normal
2026-06-15T09:09:55+00:00,LINE-A01,WELD-001,pressure,202.78,kPa,normal
2026-06-15T09:10:00+00:00,LINE-A02,WELD-002,pressure,225.39,kPa,normal
2026-06-15T09:10:05+00:00,LINE-C01,CONVEYOR-001,pressure,120.79,kPa,normal
2026-06-15T09:10:10+00:00,LINE-A02,PRESS-001,pressure,114.42,kPa,normal
2026-06-15T09:10:15+00:00,LINE-A01,PRESS-001,vibration,0.17,mm/s,normal
2026-06-15T09:10:20+00:00,LINE-C01,WELD-002,temperature,62.32,°C,normal
2026-06-15T09:10:25+00:00,LINE-B02,CONVEYOR-001,vibration,0.96,mm/s,normal
2026-06-15T09:10:30+00:00,LINE-C01,PRESS-001,vibration,1.38,mm/s,normal
2026-06-15T09:10:35+00:00,LINE-C01,PRESS-001,pressure,112.65,kPa,normal
2026-06-15T09:10:40+00:00,LINE-C01,PRESS-002,pressure,171.54,kPa,normal
2026-06-15T09:10:45+00:00,LINE-A01,OVEN-001,vibration,0.67,mm/s,normal
2026-06-15T09:10:50+00:00,LINE-A01,ROBOT-001,vibration,1.66,mm/s,normal
2026-06-15T09:10:55+00:00,LINE-B02,OVEN-001,temperature,45.46,°C,normal
2026-06-15T09:11:00+00:00,LINE-B01,PRESS-001,pressure,235.46,kPa,normal
2026-06-15T09:11:05+00:00,LINE-A01,PRESS-001,pressure,128.27,kPa,normal
2026-06-15T09:11:10+00:00,LINE-A01,OVEN-001,pressure,207.43,kPa,normal
2026-06-15T09:11:15+00:00,LINE-B01,WELD-002,temperature,76.14,°C,normal
2026-06-15T09:11:20+00:00,LINE-A02,WELD-001,vibration,3.7,mm/s,warning
2026-06-15T09:11:25+00:00,LINE-A02,PRESS-002,temperature,73.39,°C,normal
2026-06-15T09:11:30+00:00,LINE-A01,ROBOT-001,temperature,62.69,°C,normal
2026-06-15T09:11:35+00:00,LINE-A01,OVEN-001,pressure,158.13,kPa,normal
2026-06-15T09:11:40+00:00,LINE-B01,OVEN-002,temperature,63.22,°C,normal
2026-06-15T09:11:45+00:00,LINE-B01,PRESS-002,temperature,49.38,°C,normal
2026-06-15T09:11:50+00:00,LINE-C01,OVEN-001,temperature,58.03,°C,normal
2026-06-15T09:11:55+00:00,LINE-B01,OVEN-002,pressure,213.11,kPa,normal
2026-06-15T09:12:00+00:00,LINE-A02,CONVEYOR-001,vibration,0.7,mm/s,normal
2026-06-15T09:12:05+00:00,LINE-B01,ROBOT-001,vibration,0.36,mm/s,normal
2026-06-15T09:12:10+00:00,LINE-B02,PRESS-002,vibration,1.57,mm/s,normal
2026-06-15T09:12:15+00:00,LINE-B01,WELD-001,temperature,43.28,°C,normal
2026-06-15T09:12:20+00:00,LINE-A01,PRESS-002,pressure,246.71,kPa,normal
2026-06-15T09:12:25+00:00,LINE-C01,CONVEYOR-001,temperature,65.27,°C,normal
2026-06-15T09:12:30+00:00,LINE-B01,ROBOT-001,pressure,107.33,kPa,normal
2026-06-15T09:12:35+00:00,LINE-A02,OVEN-001,pressure,173.16,kPa,normal
2026-06-15T09:12:40+00:00,LINE-B02,OVEN-002,temperature,60.42,°C,normal
2026-06-15T09:12:45+00:00,LINE-C01,WELD-001,pressure,147.78,kPa,normal
2026-06-15T09:12:50+00:00,LINE-C01,WELD-001,pressure,131.84,kPa,normal
2026-06-15T09:12:55+00:00,LINE-A01,WELD-002,pressure,287.84,kPa,normal
2026-06-15T09:13:00+00:00,LINE-A02,PRESS-001,vibration,0.6,mm/s,normal
2026-06-15T09:13:05+00:00,LINE-B01,CONVEYOR-001,pressure,281.55,kPa,normal
2026-06-15T09:13:10+00:00,LINE-A01,OVEN-002,vibration,3.76,mm/s,warning
2026-06-15T09:13:15+00:00,LINE-B01,OVEN-001,temperature,60.85,°C,normal
2026-06-15T09:13:20+00:00,LINE-B02,OVEN-002,pressure,134.77,kPa,normal
2026-06-15T09:13:25+00:00,LINE-C01,OVEN-001,pressure,267.09,kPa,normal
2026-06-15T09:13:30+00:00,LINE-B02,OVEN-002,vibration,2.45,mm/s,warning
2026-06-15T09:13:35+00:00,LINE-C01,PRESS-001,vibration,1.02,mm/s,normal
2026-06-15T09:13:40+00:00,LINE-A02,PRESS-002,pressure,187.98,kPa,normal
2026-06-15T09:13:45+00:00,LINE-A02,WELD-001,pressure,142.3,kPa,normal
2026-06-15T09:13:50+00:00,LINE-A02,CONVEYOR-001,vibration,1.65,mm/s,normal
2026-06-15T09:13:55+00:00,LINE-B02,ROBOT-001,vibration,1.01,mm/s,normal
2026-06-15T09:14:00+00:00,LINE-B02,PRESS-001,temperature,65.89,°C,normal
2026-06-15T09:14:05+00:00,LINE-A02,WELD-001,temperature,62.94,°C,normal
2026-06-15T09:14:10+00:00,LINE-A02,PRESS-001,pressure,278.16,kPa,normal
2026-06-15T09:14:15+00:00,LINE-B02,PRESS-001,temperature,47.2,°C,normal
2026-06-15T09:14:20+00:00,LINE-A01,WELD-002,pressure,264.26,kPa,normal
2026-06-15T09:14:25+00:00,LINE-B02,WELD-001,vibration,1.0,mm/s,normal
2026-06-15T09:14:30+00:00,LINE-C01,WELD-001,temperature,64.03,°C,normal
2026-06-15T09:14:35+00:00,LINE-B01,ROBOT-001,pressure,152.9,kPa,normal
2026-06-15T09:14:40+00:00,LINE-B02,WELD-001,pressure,145.96,kPa,normal
2026-06-15T09:14:45+00:00,LINE-C01,CONVEYOR-001,temperature,60.91,°C,normal
2026-06-15T09:14:50+00:00,LINE-C01,PRESS-001,temperature,47.1,°C,normal
2026-06-15T09:14:55+00:00,LINE-B02,WELD-001,pressure,123.5,kPa,normal
2026-06-15T09:15:00+00:00,LINE-B02,CONVEYOR-001,pressure,100.24,kPa,normal
2026-06-15T09:15:05+00:00,LINE-B02,WELD-002,vibration,1.43,mm/s,normal
2026-06-15T09:15:10+00:00,LINE-C01,PRESS-002,vibration,0.82,mm/s,normal
2026-06-15T09:15:15+00:00,LINE-A02,PRESS-002,vibration,1.01,mm/s,normal
2026-06-15T09:15:20+00:00,LINE-B01,WELD-002,vibration,1.13,mm/s,normal
2026-06-15T09:15:25+00:00,LINE-C01,PRESS-002,temperature,71.58,°C,normal
2026-06-15T09:15:30+00:00,LINE-B01,CONVEYOR-001,pressure,230.91,kPa,normal
2026-06-15T09:15:35+00:00,LINE-C01,OVEN-001,vibration,0.91,mm/s,normal
2026-06-15T09:15:40+00:00,LINE-B01,OVEN-001,vibration,0.9,mm/s,normal
2026-06-15T09:15:45+00:00,LINE-C01,ROBOT-001,pressure,140.74,kPa,normal
2026-06-15T09:15:50+00:00,LINE-B01,OVEN-001,temperature,62.2,°C,normal
2026-06-15T09:15:55+00:00,LINE-A02,PRESS-002,pressure,241.1,kPa,normal
2026-06-15T09:16:00+00:00,LINE-A02,PRESS-002,pressure,256.62,kPa,normal
2026-06-15T09:16:05+00:00,LINE-C01,PRESS-001,temperature,71.44,°C,normal
2026-06-15T09:16:10+00:00,LINE-A01,WELD-001,temperature,65.44,°C,normal
2026-06-15T09:16:15+00:00,LINE-A01,OVEN-001,vibration,2.87,mm/s,warning
2026-06-15T09:16:20+00:00,LINE-B02,CONVEYOR-001,temperature,64.36,°C,normal
2026-06-15T09:16:25+00:00,LINE-C01,PRESS-001,pressure,157.29,kPa,normal
2026-06-15T09:16:30+00:00,LINE-A02,OVEN-001,temperature,57.56,°C,normal
2026-06-15T09:16:35+00:00,LINE-C01,WELD-002,temperature,63.98,°C,normal
2026-06-15T09:16:40+00:00,LINE-A02,PRESS-001,pressure,107.21,kPa,normal
2026-06-15T09:16:45+00:00,LINE-B02,OVEN-002,temperature,51.04,°C,normal
2026-06-15T09:16:50+00:00,LINE-C01,PRESS-001,pressure,217.22,kPa,normal
2026-06-15T09:16:55+00:00,LINE-C01,OVEN-001,pressure,283.84,kPa,normal
2026-06-15T09:17:00+00:00,LINE-B01,OVEN-002,pressure,283.0,kPa,normal
2026-06-15T09:17:05+00:00,LINE-B02,CONVEYOR-001,vibration,1.93,mm/s,normal
2026-06-15T09:17:10+00:00,LINE-C01,PRESS-002,pressure,135.01,kPa,normal
2026-06-15T09:17:15+00:00,LINE-A01,OVEN-001,pressure,158.85,kPa,normal
2026-06-15T09:17:20+00:00,LINE-B02,CONVEYOR-001,pressure,214.98,kPa,normal
2026-06-15T09:17:25+00:00,LINE-B01,ROBOT-001,pressure,148.65,kPa,normal
2026-06-15T09:17:30+00:00,LINE-A01,ROBOT-001,pressure,217.37,kPa,normal
2026-06-15T09:17:35+00:00,LINE-A02,WELD-002,temperature,55.31,°C,normal
2026-06-15T09:17:40+00:00,LINE-C01,PRESS-001,vibration,0.77,mm/s,normal
2026-06-15T09:17:45+00:00,LINE-A01,CONVEYOR-001,pressure,149.65,kPa,normal
2026-06-15T09:17:50+00:00,LINE-C01,WELD-001,pressure,168.4,kPa,normal
2026-06-15T09:17:55+00:00,LINE-C01,OVEN-001,vibration,0.52,mm/s,normal
2026-06-15T09:18:00+00:00,LINE-A02,ROBOT-001,temperature,86.83,°C,warning
2026-06-15T09:18:05+00:00,LINE-B01,WELD-002,pressure,247.09,kPa,normal
2026-06-15T09:18:10+00:00,LINE-C01,OVEN-002,temperature,49.99,°C,normal
2026-06-15T09:18:15+00:00,LINE-A01,ROBOT-001,temperature,44.8,°C,normal
2026-06-15T09:18:20+00:00,LINE-A01,ROBOT-001,pressure,271.42,kPa,normal
2026-06-15T09:18:25+00:00,LINE-C01,OVEN-001,vibration,1.04,mm/s,normal
2026-06-15T09:18:30+00:00,LINE-C01,OVEN-001,vibration,1.55,mm/s,normal
2026-06-15T09:18:35+00:00,LINE-A01,CONVEYOR-001,vibration,1.2,mm/s,normal
2026-06-15T09:18:40+00:00,LINE-B01,CONVEYOR-001,vibration,2.07,mm/s,warning
2026-06-15T09:18:45+00:00,LINE-A01,ROBOT-001,pressure,191.44,kPa,normal
2026-06-15T09:18:50+00:00,LINE-A02,CONVEYOR-001,vibration,0.12,mm/s,normal
2026-06-15T09:18:55+00:00,LINE-B01,WELD-001,pressure,172.32,kPa,normal
2026-06-15T09:19:00+00:00,LINE-C01,OVEN-002,pressure,153.88,kPa,normal
2026-06-15T09:19:05+00:00,LINE-B02,OVEN-002,vibration,0.91,mm/s,normal
2026-06-15T09:19:10+00:00,LINE-A02,WELD-001,vibration,0.63,mm/s,normal
2026-06-15T09:19:15+00:00,LINE-B01,WELD-002,pressure,262.84,kPa,normal
2026-06-15T09:19:20+00:00,LINE-A02,WELD-001,pressure,176.18,kPa,normal
2026-06-15T09:19:25+00:00,LINE-B02,WELD-001,vibration,0.44,mm/s,normal
2026-06-15T09:19:30+00:00,LINE-B02,OVEN-001,pressure,244.11,kPa,normal
2026-06-15T09:19:35+00:00,LINE-B02,PRESS-002,vibration,1.18,mm/s,normal
2026-06-15T09:19:40+00:00,LINE-B01,ROBOT-001,pressure,143.09,kPa,normal
2026-06-15T09:19:45+00:00,LINE-B01,OVEN-002,pressure,248.92,kPa,normal
2026-06-15T09:19:50+00:00,LINE-B01,OVEN-002,vibration,1.87,mm/s,normal
2026-06-15T09:19:55+00:00,LINE-C01,WELD-002,temperature,54.04,°C,normal
2026-06-15T09:20:00+00:00,LINE-A02,OVEN-001,pressure,229.83,kPa,normal
2026-06-15T09:20:05+00:00,LINE-B02,PRESS-002,vibration,1.07,mm/s,normal
2026-06-15T09:20:10+00:00,LINE-A02,WELD-001,vibration,0.98,mm/s,normal
2026-06-15T09:20:15+00:00,LINE-C01,CONVEYOR-001,pressure,167.48,kPa,normal
2026-06-15T09:20:20+00:00,LINE-B01,OVEN-002,temperature,53.75,°C,normal
2026-06-15T09:20:25+00:00,LINE-B02,OVEN-001,pressure,153.49,kPa,normal
2026-06-15T09:20:30+00:00,LINE-C01,ROBOT-001,vibration,1.88,mm/s,normal
2026-06-15T09:20:35+00:00,LINE-A02,WELD-002,vibration,1.72,mm/s,normal
2026-06-15T09:20:40+00:00,LINE-A01,WELD-002,pressure,248.78,kPa,normal
2026-06-15T09:20:45+00:00,LINE-B02,PRESS-001,temperature,43.82,°C,normal
2026-06-15T09:20:50+00:00,LINE-A01,PRESS-002,temperature,60.96,°C,normal
2026-06-15T09:20:55+00:00,LINE-B02,OVEN-001,vibration,0.26,mm/s,normal
2026-06-15T09:21:00+00:00,LINE-A02,WELD-001,temperature,51.37,°C,normal
2026-06-15T09:21:05+00:00,LINE-B01,OVEN-002,pressure,105.71,kPa,normal
2026-06-15T09:21:10+00:00,LINE-B01,ROBOT-001,vibration,1.75,mm/s,normal
2026-06-15T09:21:15+00:00,LINE-A02,ROBOT-001,temperature,86.98,°C,warning
2026-06-15T09:21:20+00:00,LINE-B02,OVEN-001,pressure,275.46,kPa,normal
2026-06-15T09:21:25+00:00,LINE-A01,ROBOT-001,vibration,0.53,mm/s,normal
2026-06-15T09:21:30+00:00,LINE-B01,PRESS-001,vibration,0.59,mm/s,normal
2026-06-15T09:21:35+00:00,LINE-A02,OVEN-002,temperature,70.33,°C,normal
2026-06-15T09:21:40+00:00,LINE-B02,ROBOT-001,vibration,0.12,mm/s,normal
2026-06-15T09:21:45+00:00,LINE-B01,WELD-002,vibration,0.92,mm/s,normal
2026-06-15T09:21:50+00:00,LINE-C01,CONVEYOR-001,temperature,47.54,°C,normal
2026-06-15T09:21:55+00:00,LINE-B02,CONVEYOR-001,vibration,1.46,mm/s,normal
2026-06-15T09:22:00+00:00,LINE-A02,OVEN-001,temperature,56.89,°C,normal
2026-06-15T09:22:05+00:00,LINE-B01,CONVEYOR-001,vibration,1.11,mm/s,normal
2026-06-15T09:22:10+00:00,LINE-B01,PRESS-002,temperature,47.3,°C,normal
2026-06-15T09:22:15+00:00,LINE-C01,ROBOT-001,pressure,190.55,kPa,normal
2026-06-15T09:22:20+00:00,LINE-C01,PRESS-001,temperature,46.09,°C,normal
2026-06-15T09:22:25+00:00,LINE-A02,ROBOT-001,temperature,82.82,°C,warning
2026-06-15T09:22:30+00:00,LINE-A01,ROBOT-001,pressure,118.04,kPa,normal
2026-06-15T09:22:35+00:00,LINE-B02,OVEN-002,temperature,52.46,°C,normal
2026-06-15T09:22:40+00:00,LINE-A01,WELD-001,vibration,0.16,mm/s,normal
2026-06-15T09:22:45+00:00,LINE-C01,ROBOT-001,temperature,55.7,°C,normal
2026-06-15T09:22:50+00:00,LINE-B02,PRESS-001,temperature,73.66,°C,normal
2026-06-15T09:22:55+00:00,LINE-B02,ROBOT-001,temperature,87.15,°C,warning
2026-06-15T09:23:00+00:00,LINE-B02,PRESS-002,temperature,41.34,°C,normal
2026-06-15T09:23:05+00:00,LINE-B02,OVEN-001,pressure,141.69,kPa,normal
2026-06-15T09:23:10+00:00,LINE-C01,PRESS-002,vibration,1.48,mm/s,normal
2026-06-15T09:23:15+00:00,LINE-B01,PRESS-001,vibration,0.67,mm/s,normal
